,PC1,PC2,PC3,PC4,PC5,PC6,PC7,PC8,PC9,PC10,PC11,PC12,PC13,PC14,PC15,PC16,PC17,PC18,PC19,PC20,PC21,PC22,PC23,PC24,PC25,PC26,PC27,PC28,PC29,PC30,PC31,PC32,PC33,PC34,PC35,PC36,PC37,PC38,PC39,PC40,PC41,PC42,PC43,PC44,PC45,PC46,PC47,PC48,PC49,PC50
TCGA-AO-A12F,-3.019727718017301,-16.87281854595481,1.6004939308574753,0.17896454898711842,-2.0253964960328332,-0.5311707048396029,-3.1144649820640424,3.234782823630699,-1.5773209873473157,2.9494561186483006,-0.7385863219540943,-1.1769539741985002,4.406876987074665,3.554862526588327,-1.5916457655238545,-0.02603362674825332,-1.295302326740044,-3.7201118311479053,-0.49094354180358357,-0.6295006393155117,-1.7004786316574925,-0.7457355803738488,-2.1362237901046335,0.9271249254805713,-3.014977530771626,-3.424861370035314,0.4415279176634258,2.142267905689189,-2.6336651103793387,1.264964013756452,-1.2050008686325409,4.187311492702828,-0.9340423366809675,-0.06631926581785988,1.6408771259012453,-3.624262103666221,-1.3077920571388917,0.9004025505399168,-0.7514253962499611,-0.882708604386793,-2.190043816438573,1.0411558229437825,4.031393824287178,2.1950893588094424,-2.4220074922074017,-1.15373023952456,-0.528776225487927,-1.5910145856676772,-0.13073713698279849,-0.052468864853273164
TCGA-A8-A08J,-4.4765509167140465,10.96918851165428,6.262280213446984,-3.5137181205361934,0.08231588016965494,-1.1564632522231901,0.9316567901720576,3.1462472410140663,-0.04565923623886292,4.9577566136205,2.051819726573188,-1.2261895976599912,-2.3498899441695196,4.675625298860113,1.8620709988781703,2.3011997668103024,2.6411684787418426,0.748038361940238,0.9539103837571432,1.539685371075216,0.8140993410784605,0.4261599950837388,-3.3423959784131614,3.670387267434827,-0.12820655029122702,1.8101995656339662,0.44229470325153875,2.272391496147757,-2.049834088144486,-5.340292779132341,-1.6214409821682616,3.059071616715634,2.762944593714851,2.1399203149150052,-2.679932118589948,1.1883987003005345,-0.14260044360571145,-2.280282717843484,1.3517575642277084,1.3033936160183655,-2.4947026180293,1.373928673093904,0.7440516677759276,-0.8771485556906417,2.721850478540123,0.6776187006519315,-1.0390765892317992,0.2538204731840641,0.10331090702791883,2.518153774849231
TCGA-A2-A0YD,2.160663430842814,5.6861659129974,-7.081352237227797,1.284695559525215,-2.9476771869139724,6.4059534885936396,1.2843074298389754,2.7267826986914607,4.461152001608043,-1.9633114560177214,-1.1770312826887095,-1.3867554688465713,2.0907095102436455,-0.3111937879356646,-0.8183061558075733,-2.1925369633631457,-2.34590331216578,1.5149011859559132,0.9586182097260457,0.35112614223022737,-0.10067877926316823,-0.24287367461603218,0.512515924900418,-0.0664501780069867,-0.6843257957884281,-0.22731506668453696,-0.19818976249499284,2.098368743357912,1.9200273603874767,2.091707664579095,1.5422752866103782,0.9811092677035564,2.118790468698286,1.2066514202798508,-2.218100222151752,-1.3475990977360497,2.5433552016407215,0.14793101056295851,0.6490545544316356,1.6803183118314169,-0.9135142035174976,-3.3068807139126544,-2.5473942316279348,0.22757014650606963,0.005133922846014089,-2.2489559457839174,0.7674883708749779,-0.9646222612630805,0.6944290919467636,2.4135940880502913
TCGA-A2-A0CX,-6.895168713621327,0.9764387226397893,4.874063169417504,2.7502059550354714,8.751159291940656,1.3309244812248926,0.52022241756446,1.0340850395911032,-0.8539439818312885,1.7692386039909085,-0.3189406959694313,-2.533014508080504,-0.1022159090928544,2.701375156856158,-0.6670046210053658,-0.029315770238534777,6.078102983370221,-2.305245273579525,0.5500191672373967,5.9046339113186095,-0.860423987772036,-1.3482915549084384,0.5619817174326975,-5.978210113327114,1.1760544383260003,2.120213084273232,2.5134951868830693,0.7685547891100806,0.4366992133106562,0.37491430241107954,-0.1417651072907158,-2.652648408246028,-0.6884712449682238,-0.5088167151528937,2.55540327027057,-4.199772926550306,-0.5093184633732858,-4.48447760243378,-0.10875550446027747,-1.5884475705608727,0.3232020029513571,0.29563490452419067,-1.469237511385815,-1.0493788065379324,0.19746964801528813,0.6058065217800275,-0.7675542010633539,-2.8711248564833722,1.6551259678549535,-1.3023797772787842
TCGA-4H-AAAK,0.430972824182644,6.918605567996813,-2.220431096101272,3.491807515054382,-5.164298453175857,1.3122331045432052,-4.103841289836416,3.1019142442353314,-4.002977591886489,0.2528604705695077,0.055317889872680756,1.0902254608675728,0.8639284712809332,-2.2238430755132517,3.0901663634874814,-1.4633484388958995,-2.207942911252506,-1.7323924928067505,-3.0111496523743746,0.1228344061208367,2.0007300763597615,0.7076360975377803,2.09837277230511,0.1612576420126128,0.37768509834548886,0.24373613004333416,-0.667679696977225,-0.421086885704575,1.9703822477135997,-1.8115669962094654,-0.854150560827949,1.411195423288688,0.6373428018107574,1.7730445168868318,0.40536887761689855,-1.740362898450409,0.16477528457469834,-1.605471294513862,0.5967947245541756,0.4683566854921568,1.3496646817646258,1.652481875621894,0.077421855572354,1.732624735392323,-0.19594129402616572,-2.313571212881776,0.9052167953318065,1.6569935808490772,0.08687422948170169,0.4145599496588689
TCGA-A2-A0YC,-5.660801653468922,8.079336488144635,-8.90869464145318,-2.590959634705751,-5.0573525614709745,5.333296859761046,5.23644729328981,-0.3771031195379084,4.566942871314052,-3.3921621897793766,-1.6716717228808389,3.5076496907325883,2.392933311191071,5.005476108661969,-0.9382744864911854,3.7853498388292577,-1.0790255212283255,2.0995848938625046,-1.749052583751534,0.0581611444432775,0.6205339000877268,-0.732817237867413,-1.240930289934013,-0.3571172949339147,0.2154435034654621,-0.8312314227942846,-1.7036117003585427,1.5914137264686075,-1.546983190196576,2.7030199953516236,-3.0336915767026227,0.3652607720989651,1.6906982979420548,0.5207915207450163,1.0480115409100133,0.6796270152927396,-0.20825323487027456,-1.8414410000107064,-1.847648560411487,0.2995743416327515,0.37882394199395886,2.5784355692688385,1.9954113342565103,-1.939785494056424,-0.20306946128948505,0.36932169240839374,-0.35161019772464164,-0.4797290045213048,3.025344784952766,0.5413737884956675
TCGA-A7-A13E,13.280312066110609,-10.270010269811724,-10.112730319251328,-6.639490804467607,2.8421138251452076,0.7424576966868066,1.7270252717150498,0.6673358156401789,0.15821972515633362,-0.22140509939190775,-0.41429179270951033,0.5885506609309977,-0.3572049028426049,0.13981896988933545,0.8724018521345708,0.20491369300416684,-0.20026720521779923,-0.7907790268926413,-0.5758638435151028,0.9954666609724907,-0.8246993056871219,-0.11425818151661156,0.12242006570466812,-1.4149652497680607,-0.4493264986550152,0.19222289389364244,0.5662702451105585,-0.20273543714136313,1.619195541155492,-0.4388263716217134,-1.7684484760301944,-0.08277798539323515,-0.5123972963461756,-0.25956796913032687,0.3717589977660521,-0.8349641333264769,-0.6539840543954613,0.18109675856085397,0.4741445561617264,-0.340026263625062,0.29669593283688284,0.5648947479546441,-0.15617052135775988,0.49605742047019585,0.528787292589253,1.1660344189687049,-0.4566018256656508,-1.7299058289533664,-1.2895136254258808,-0.02311823699054971
TCGA-A7-A13E,-3.139740241783471,-13.590684080229586,9.332977924074811,-3.9948241595595744,-4.4585248200526895,0.7191437345430779,-8.626756927372357,-1.6347331703485586,4.314471742321254,-3.110591381427387,5.500943773873069,7.52988503940415,-1.039234251540689,-2.5260038152934357,-5.832375598639958,-0.8612362114993293,3.5244929104287435,2.1345372518750287,-0.3332585176258856,2.2680171094558776,1.3197512436451502,-4.094901112968819,-2.3571523352950305,-1.7925214450068359,1.025800273769739,-1.4098171511535624,0.7026496057233874,-0.35687465176545247,0.5654555989613954,-0.5377534148745824,0.3168673938877549,1.041713527444296,0.06794946240277805,1.0155017062887695,-0.5845475424329785,1.368428095585831,0.5802467736013516,0.5337729170102833,0.26333616766462226,-0.9284291828730675,-0.4338379737398811,-1.8728077714344336,0.36769000631939736,-0.1090045362540332,-0.13144750991810863,-1.8447753804686189,0.11123775841175075,1.1084353025503657,-0.9725459933541141,-0.6290617512871501
TCGA-A7-A13E,-7.618234640509487,-16.759939472816036,10.18009467740469,1.5396228099775924,-5.92894872843627,1.33518483687077,-6.048625552941928,0.7327241019523005,3.9969552011633946,-1.2454497560004705,6.290436947267442,6.334751961005434,-0.9756535087410507,0.2511878105461187,-2.402936231208935,-0.3030132627760655,0.34600855722478935,1.4916022622636902,1.7819572484998083,2.2487671923326538,-1.1687291891492637,-0.45250922013818456,-2.0954001266958753,0.2622516239804822,2.548089583314683,0.6315317116075607,-1.9591266255762998,1.4860941726935863,1.3385624479304645,-1.4166314709255647,-1.9633066193198656,0.7516403022294756,0.5218507128087285,-1.9782740548296656,2.0483206778343273,-1.0746385938102243,0.9622502215339129,-0.27588039225691513,-2.650800988621958,1.1080232063270248,0.7412468573656189,-0.127340536069218,-0.3453750393327029,-0.854614481237294,-0.10816177221150794,1.1270368208769048,-0.20047732546755226,-0.9259715819864439,-0.14668204912408603,1.3963043062011367
TCGA-AR-A0TP,-13.775508395083854,-23.928616492713108,-2.5703346123114783,5.458174263593344,-3.93105277304182,-3.527302010340925,-2.002278769886116,0.3738482499725862,-4.301245589951625,4.34796977458769,-3.6560529041565526,0.7009869657006564,1.6178724105582938,3.850640086566614,-1.0873262545026827,5.046805801240662,3.2023637874715694,1.114343788336248,-0.6047845954422147,-4.533752033952622,1.4042133953129008,2.7530867097246148,4.932569767089668,0.33482291251191326,1.5562462642178674,-0.7212470178167854,0.5018244660222094,-0.8884359040068799,1.8846185709608132,1.9146879824130854,-2.698070844630054,1.6294033887601902,-0.0696154530683767,1.4944184798747187,-1.5626704187322316,0.2961034122153565,0.47202800608780127,-0.734134712605719,-1.7701306876048968,-1.6982509924328948,0.26502405511346133,-0.3049322445417321,-4.092349756781757,0.10797339563020336,1.239257417736705,-0.8694882839680911,-1.9517107867562808,1.7404224565492588,-1.0121904494317655,1.955057529654168
TCGA-A2-A0EW,9.73397474054093,2.0617678935827763,-10.499190039747697,2.3528662260891826,-0.37049319934224983,1.6203441056383965,-1.6285022077889078,-0.666471436909969,1.0429799911278543,-0.35776800868343295,2.772344624619731,-0.14435224475578143,2.32423653034505,-0.6233743044537811,0.46067857457125405,3.1341751708943795,-1.0298712565116745,-1.0269395275256021,0.8276222139499019,0.2217179679660835,2.8522664735381498,2.3025121960380734,0.04653676381266256,1.966896817355914,-0.19070523861619654,0.5303871005938091,-0.17390925023263054,-0.007027255369438544,0.49043268826497444,2.896352122670104,1.3465815156505982,-2.981482182862392,1.035641248917216,-0.6685978097503557,0.8833131898044774,-0.09269620410916606,-0.08222982666514374,-0.651669870993124,0.7318554525739883,-2.333375995177935,-0.8510600161257718,-1.9480488034276133,1.5561123049508967,1.7253323209862315,-1.807745420397806,-0.1557717007598342,-1.3904398993696259,1.4254882070442534,0.5690810415050297,2.8332921081760323
TCGA-AO-A03N,-18.49607543411148,-3.3486659649117527,-5.257619191101712,4.358427711514011,7.629439201116815,-0.96546457826234,-2.543089981044611,-3.765474795198411,1.0774618250934898,5.762532931037398,0.8848250556080526,0.7847851069544636,0.15612719228057031,-1.0675221865288536,-0.6099057913932324,-2.580053615213198,-0.25314472456208775,-1.7296759354717701,-0.5690332859661796,0.6897821770102494,1.7929271534857698,0.9525330269483792,-1.4564307346342913,-0.7176629283081556,-1.0148170712351177,-0.6319042542743821,1.3674224406500681,-1.900624966229588,-3.619862416296557,-1.2977632777253705,-2.16113125831839,-2.283365222156131,4.541035551050515,0.5483220364514351,2.902854469787256,2.116788363653088,-1.7822771138698328,0.3845891239558476,0.39193869114812036,-1.0557840227237048,1.1818117688576382,0.16171147510367323,0.7752523603811613,0.5642716648624074,1.7566471244567643,-1.9322268488914653,0.06388895217729135,0.915731380814172,0.6662863660771667,0.08521043263813484
TCGA-A2-A0YL,6.048460563968377,4.44507349601958,-3.468074324938279,6.842445610273982,-4.584366264097917,-1.0981221143068263,-2.299139154040069,-0.5837778111951497,-2.935089923998551,-2.5186592244976964,-1.8993786184795791,-0.11578423302911131,0.24588447298216465,-1.4564436859752095,-2.3867325948639664,0.0494982224709047,-0.3991623911606035,-0.6914042909263772,-1.4761135513025265,-0.34144704443019247,-1.1647688852059024,-1.2975995125371116,1.227777980943859,-0.9852864324520381,-0.9913210295944878,-0.5042412470128678,-0.4283420314083389,-0.004928168632151923,1.9364920083486483,0.7466822344224336,1.554121013411878,-0.1298752275552112,0.7470799082086874,-1.2886008756863947,-1.2190612149815498,-1.1180064994346073,0.44365012914569346,-0.7862380637059612,-0.25177101194659857,1.515688064694015,1.2610551460887773,0.3685485569362762,-0.7790283055165749,-0.4932440389415014,-0.1733394186160141,0.3450487333662511,-1.9160089855950595,-0.4547234124213116,-0.4523361751671039,1.8461391331379409
TCGA-AO-A0JB,-9.808542060531575,-7.568430425598755,-0.7316242247873477,1.268331901732822,1.4425249302573617,-5.360544636188318,1.236372729014885,-2.168846231275527,-2.4390457131587158,-2.1816985137141396,-1.7479957038619434,1.5405906438976398,-1.7227422805711519,-2.2255801748643926,-3.291918071835897,-3.2642113512080937,-2.3666302063027334,-3.4675709650484534,-2.1779476519950647,-0.052829250609838924,-0.11184342241834572,-0.04353851360784453,-1.0305838375557899,1.840102460732505,-1.8991913512941645,2.5131955139057993,0.47023681971203696,1.4417155261341448,-0.28826645269360474,-0.030495886865284733,0.5798385579830617,-0.21484706619692498,3.7610908288939187,-1.8649868315101015,-0.11151100750367654,0.18732351758517374,-0.6086437314816636,1.3593998459442114,-1.656863159958517,0.33391252253272036,-1.894344845967004,1.2769982321960716,-0.8256220115575094,0.6013402235262255,0.30558485235480315,-0.8751396933929572,3.0432980189016066,-0.9478718805148537,1.9901335144981138,-1.0659177102502797
TCGA-AO-A0JG,0.019798350467799677,5.438045590190745,-2.8855401982081905,-3.212089730421865,-3.587756686678348,-4.8122699387768355,-2.5692900843256563,-0.17282484866392317,-2.4435770579750633,-1.7591648931429753,-0.3383326279365876,-3.693264730018086,-4.1502070311586605,-0.6197299430864113,-1.1317607882479779,3.808086754441005,-2.786663619028539,1.07774638038538,4.431919489426203,2.762318680315366,1.811630303618731,0.2192159804927228,-0.10852822317028578,0.5182228707165757,1.7318642621304912,-1.2666440815470175,0.9645557889284783,-2.138998319643635,-0.5334983441036695,-0.020199817995381626,-0.3256064666413931,4.3166158155955126,1.0865677708168568,-4.305873267577422,1.0165016255773165,1.5938139327876593,-0.4997237064832553,-2.4844031750352773,1.0115030860062775,1.9894347779627277,-0.21956864707264695,1.997476949419436,0.6258155215347424,-1.1606119291125407,-3.147500918474511,1.4847206161444613,-0.34861019089037704,-0.23493705179749735,-1.8954694464194934,-0.4243146705524405
TCGA-A7-A0D9,-6.46044574915787,-1.6939764310468552,-4.0186633073927664,-3.5366113056015105,-1.019135994081952,-1.9889380973842086,3.456953535678264,6.984803916471531,0.742843676406058,2.304405659555579,4.511929916231281,-2.326323123013426,2.716400749287527,-2.043656038052155,0.5061159693952699,-1.759192033755223,-0.8865645604121765,-0.30778618368199967,-1.5524511142165067,-0.47773263506691516,2.5043370248644967,-2.2288999131701206,1.1489664409041604,0.6903577079894198,1.4753184081302742,-0.6382695600161372,-3.5067939822940617,0.5939504128844433,0.10941769372936332,-2.003677773899251,3.0433386449621374,-1.7634009161377235,-1.694097039836985,-1.0753751045861277,4.241430738388647,3.9033779313338983,-2.5172625423053905,-0.9170272030855271,1.569716258637702,3.2416612161273637,-1.0698862670254876,-0.4109462176075238,-2.121857605271314,-1.2323478272983013,-1.4331786546056933,-2.3719451012996835,-2.6601926317624662,-0.9132316957016088,0.46228149841772137,-0.5698535004512817
TCGA-A7-A0D9,4.1598452326813184,-19.995381519058085,-11.35041430822892,-14.926938524118913,3.6001441014171838,3.760282500125248,3.0057753900388486,1.6647929849760654,0.4530626315377163,1.6528811217944048,-0.4259137824993762,0.0037813198190537797,-0.931410485599739,-2.027713762772739,0.9994831795062544,-0.14859302380770092,1.9514869308247382,-1.0923729257647605,-2.2310921687931864,0.5708964598154159,0.15390504545705996,-0.5032292939022113,2.0192344958587687,0.33026941679777855,-1.371581087605605,0.8265990212856076,-0.7153664759022195,0.07531886273468084,-0.48261113497817876,-0.3622986344985608,0.6009218228191106,0.5542986768955912,0.47631787068945286,0.059847626853419766,-0.29567387492267627,0.8701744618155256,0.04677338573947289,-1.8438553713087273,0.29796686166456837,0.8091274911893617,-0.25795941873935285,-0.7351082887535049,0.1989436268364511,-0.8376429327875571,-0.47233758728838354,0.7354182261361578,0.30633577746872825,0.511140026937891,-0.1903295661483656,0.45123286594990686
TCGA-A2-A0T5,-6.893749712568219,0.4183793187253207,-6.02157911645227,9.295247060322493,-3.888522970036848,-0.1829208712083007,1.3334061225653977,2.146103828550292,0.3651580970327233,-3.0444947845730526,-2.8705177062791383,-2.8663233816833458,-1.2290877080937346,0.5913781363344203,0.395350239308434,-5.537686600333902,0.6504857508431164,-2.197720897220275,0.09707279970491556,-0.9439874685595535,-2.9646707786964543,-3.861910367039733,-2.3269739562168255,-0.7278434337666461,-2.3052186690368686,2.2551863143319437,-0.7078619705774164,2.3742841361795617,-2.2552474476479634,1.040082540882483,0.014567352548998947,1.7433607074778694,1.6755043091125794,-0.46957394849372786,-1.8905628216210106,4.999552814823262,0.7991366981028993,-0.8401536513376616,-0.3499890123997951,-1.5756252501813905,0.13330986394293626,-1.165378200605926,-0.23614812670744417,3.174215794091,-2.0769412239980887,2.5472710828508167,-1.3097250920856642,0.7684457346877592,0.37146334051399077,0.05559572893173024
TCGA-AO-A12D,6.773567921764396,8.027910235448154,17.11057500063992,2.962138170976868,10.69021470634,2.4829779639667993,1.7950411571301517,2.0935246580679103,-1.2751703747188978,-2.383274021504206,1.579754093125786,2.677225013189213,-1.556766711389972,1.6030097988516496,0.4032291134747836,3.5521857430912074,-1.2118530194597945,1.0963282457927217,-2.2168800235854524,0.6071321995799699,-3.1500800811670286,-0.3807976015764743,5.019925292749925,-0.00538307425098747,-1.1510376828991382,-2.007065765930974,0.4615709362315955,-3.948671152899423,-2.20870703830194,-0.8971732645661836,2.2360984506460686,2.1963924281497724,0.7830627582804698,-1.1960875166569973,-1.275246133292302,3.1313203537220153,2.335270866636421,0.5380301703647256,-2.3324519607889473,-0.6487698434377811,0.24445969325614697,-1.4229703833795173,2.320808338156899,-0.27490822790458974,0.4071622293831034,-3.5039423702509334,-0.9130645075606476,-2.1106337326779343,1.334131886474713,0.006892533851855415
TCGA-3C-AALJ,-6.084916141285856,4.435911255238747,0.2712540180906229,-11.652759829302774,-0.61913210617933,-3.506567201896255,-3.0542429198708247,4.883747443704857,4.717558698087616,-1.0789046981928176,-3.944095591981181,1.1751429364911328,3.263623856180426,-1.4407688125414906,8.13426135171302,0.4854362270907063,1.8744745088849117,0.4887960799550399,4.457413423459647,-1.0811489079904615,-1.2109284977693349,0.6728342705534945,-4.488650407153676,1.9902888065741213,0.9035906772148113,3.62339218691541,1.4895396425782426,0.6648763966474179,1.04904036237613,0.09483824150162232,3.7464460983938466,0.7372684952053077,-0.40596727388047404,-1.668132615049988,0.042307854285304106,-1.4760348713747102,2.3484367132666786,-0.4839471844417521,-3.5993466826586897,-3.0016443074236574,1.4385067358475887,-0.5720098974298974,-0.08087104633459034,1.8688650364663317,1.389957852995874,-1.4797958309586712,-0.938231462582029,-1.023308738795389,-0.4206147059640596,-1.018632268169897
TCGA-A7-A0CH,19.157565727676587,-3.1986798441626565,-5.312160260234675,-1.559843950396201,3.571293300527085,-0.5354374982079522,3.712422678251096,-0.9956726887634414,2.0106898959845525,-1.1543219398274003,1.9765112199559312,1.136895600929785,-0.007064096886138355,0.5087295229988605,2.311467826562906,0.011138465914284957,0.8927968700026868,-2.3268200550592684,0.27803050278131464,2.0355778523217936,-0.42935337489797876,3.1541598211495665,1.4423645345905582,2.634509565029626,1.143543446053322,1.3974974095711445,-0.3866616079556637,-1.8325318531146864,-0.34563292281230906,-2.2429983246173495,0.19487627856257336,1.039364233535895,-0.95923455123886,-0.05653995168081166,0.6833831154347507,-0.450270198355113,0.23976991952784332,0.37726078631123655,-0.035628467311391056,-0.20618226162707595,-0.3524552770880447,1.026361498071742,-0.511627098650823,0.7541654205113193,-0.23237865250423376,0.09304847121880301,-0.9503459593421845,1.3220811247012452,0.9443527837227648,-1.5520446508599226
TCGA-A7-A0CH,-10.206530840312455,3.168205090070346,-10.9254808443774,8.827338003690706,-2.894625674980448,0.5588461917156755,-3.8955788217611063,-1.4398781471446804,4.146348807926745,-3.1766620844695743,2.21199645764315,1.539707132455412,-2.6511497461117703,-0.406011226776461,1.5579754450039704,1.4441408789099157,4.862313209290002,-3.4733986939336376,-1.0248480568825526,3.2999790247804652,0.02776182118664984,4.108592147853323,2.538639138655964,0.6581838521486958,0.7564907705970465,2.217930544815749,-0.5315691226223443,-2.1735529223099483,-2.483308171704162,-0.43621083959250606,0.8596545202338154,-0.21432051540928418,-0.8345291434615774,-0.7936185991771147,-3.121491751815863,0.8378427269858205,-0.2241885183447954,1.9882847972818412,-0.2285627754712894,1.3115806714292146,-0.016007513835476005,-1.6126730139904177,0.03440884093638798,1.6418456461072892,-1.2528744121986986,-0.16578845612807824,-1.2075230892062445,-0.9184258091218934,0.2990211102639408,-0.032378835437264525
TCGA-BH-A0HP,0.968663601649461,4.499110229714791,-5.384709627518811,5.225196831942831,0.126622772193296,-0.1752932775468258,-2.8898773522713763,-1.3643610527096643,-2.3586324720735643,-1.4835967048043763,0.45218772106885735,-0.07692769212223102,-4.66503165701255,0.05741822909924421,0.015037580034710188,-2.982500720831861,0.7987421037157142,0.7040693663524941,-2.857673976316279,1.8684828546839207,0.24266963577244363,3.7829348089065435,0.09956858857199188,2.4638536143726473,0.9777598991822072,-0.6331763420141318,-1.9921533834262604,0.8343982633508469,0.29956019308242043,1.4189183915892372,0.6351474888912223,0.5330407313755666,1.72996299426538,1.0135682429533603,2.9276507785621697,-0.08034161612329549,-0.646551852169011,-0.5158569087956454,0.4975378114516615,0.1773138662480842,2.0467786586004677,0.8668495872817978,-0.6322644775556218,3.2202828798296026,3.6882505351557104,0.04690940306789954,0.5801861652540395,-2.7004091351982655,-1.4719868512869663,0.8855993577121831
TCGA-C8-A12U,-10.619576530115749,4.8494177829770955,5.38263154478795,-10.51860471895184,1.8630325026589851,-9.23911231476822,-0.3933457146312241,-0.8523812691220235,0.7201496260537533,-3.921467540622686,-3.4249757325876513,0.4302669658981214,4.264606560538648,-3.19855305114521,-1.1134543546603748,0.9671488238275198,1.0908620813802459,-0.09850952459904311,-0.46771293554656523,3.431036291139578,-4.610833016670854,0.7726174106793239,1.3106871116922592,1.816570945280178,2.4921209267642674,-2.0105217731417606,0.2879549363774216,2.1534955185544566,-1.1992616014137147,3.317130746189636,-3.3096171636673293,-3.998031069215413,-0.4704147534962413,2.726504911298439,-2.3002385423238976,2.4832550981609565,0.8506915273062392,-1.3480987527030746,1.263722945100238,0.8028592274928187,-2.8217249211462487,2.622354618085262,-2.030366079353411,1.4820237959972336,-1.9483893996932977,-2.080810407319489,-0.4372612785711066,-0.37764373481281877,-0.35281193336568584,-0.7382489023488981
TCGA-A2-A0T6,2.795754536378466,4.501721553405427,-4.462532405913308,-5.778900293382691,0.06803047458876521,9.791738023467527,-5.284206276852205,0.1140434195228009,-3.340726519603277,-1.4809061755097002,-0.1780875927557648,0.08116928288437111,-0.07901928589576548,-0.6668137050810643,1.849497883076708,0.39995276240856614,-2.8882893435559422,0.12285742900983022,0.4547366545496121,-2.177059707426751,-1.2883502053810938,-1.8204159092084737,-0.8222743107165215,0.07933182135910122,0.28967905556014634,-1.7082345039882292,-2.7214859145471912,1.635143705320561,-0.6482286871002553,-0.5468842884806349,1.07195116818718,-0.36696891486375344,-1.7354141464045012,0.8391576953056813,-0.2607446310313953,-0.4849969082904746,1.152736003157605,-1.4640464302790208,-0.7525394029006047,-0.7878157778412075,-3.021681426210041,1.466298748553326,-2.1509910041698537,-2.0301679928781815,0.037023147594324665,0.10440456979441612,0.9241150491641392,-0.9436459111727487,-1.4044946947154033,-0.2360082828683178
TCGA-BH-A0B1,-3.888935201912275,2.808685071525139,-4.244249222007928,4.407756876345323,-5.563743131333711,-0.33757176307835374,4.8448818722513955,-4.72584868791569,0.012283808194808194,2.2713133940372487,5.025134665994537,0.7976920864790075,4.371353311122926,-6.8727671881635946,1.9324031007882403,4.976990298118896,3.9335988772430954,-3.545080500446887,0.9429362659368168,-1.5280325584632044,2.331932676925957,-1.68133491049605,0.11284761593481159,1.1161761024771955,-2.474892763862268,-0.3162965810537676,1.6004127846457306,2.08841606076027,-1.1079703981667892,1.6431706346290613,2.1335977893914433,1.5262962077448572,-0.011232553891952593,-0.5856543238626164,0.7057132865474648,-1.7229732879190938,-1.2310870061904915,1.7474249420800179,2.4464198351274518,-1.3538706120648607,-0.09258911653927215,-0.4786709036874911,0.27004390086496993,-0.895893033186589,0.07787674175980833,1.623915371048093,-1.6782504850621869,-0.9263513920440397,1.502466110460612,0.3811152715122407
TCGA-A2-A0T4,2.5366345107213513,5.863949645466009,-7.068449904908694,-5.628241587492643,-3.0468984080223422,4.757367715489079,3.3705094578322696,-0.07036627611217332,2.2776802487088537,2.332480061690586,1.3134304127279193,0.43668666098816583,-0.5162439935242644,0.645800628328298,-0.6300200171451316,0.5121936472344337,0.469907696968501,-0.5003508637262545,4.042442209002878,0.9634034782137684,-1.3035259974227842,-0.3858358517555702,-0.7682264928290524,1.6911941948933122,1.760946555588859,-3.4152906554598554,-0.47572894959221407,-0.6821910828067473,0.4534308473784494,-0.3402339490449437,-1.5961416239398427,-1.7020538830855503,1.1265807164512345,-0.2099597487875331,1.518981561407997,-2.6902422156873627,0.8722421572980356,0.7355874661491417,1.4660252128450044,0.8024836885446245,2.473828948320552,1.655773742516871,-0.3545229456103745,2.0813068461501305,0.12381668987313714,-1.3107937843183122,-0.24333108476178994,2.7562098178177745,-0.48821613217937837,-1.9527206599753983
TCGA-A2-A0YJ,-6.985736242785636,-16.616276512409453,10.44835583186678,6.57084614374035,-5.837290012685073,-1.875185050725902,-1.2445083814491018,1.9678224005569234,0.4287707129591125,2.195584341278363,5.206812052697901,1.354393051655214,2.6101839273856746,4.958292839189005,3.8322847043315322,-0.1750421170002831,-4.693126793097645,-1.8264344211288004,1.2448724303579606,0.3459234652904529,-5.391122519629862,2.6425117239389886,1.5081701742230464,-2.3643722077414346,0.00038619756259072364,1.2860510720692286,-2.1573535836809072,-0.31600598634214533,0.43529489902973645,0.20910571128754477,5.2010084865388775,-2.950614930703678,1.281724359873425,0.22747736921202058,-4.001456140840304,0.47653347928272893,-2.3125352550347196,-1.9417854108794124,1.6696547415477179,-0.49117145051094513,1.3172050633336199,2.3865353224049395,1.8111257812093895,-1.3639271367664147,0.20392188396356603,0.7605020529107022,1.746675526780326,1.4227650414802437,-1.1015917461355482,-1.8882090465375545
TCGA-C8-A130,-7.035816505047533,1.2896746899602947,-0.9979897055044931,-2.2168533754619637,-0.6321834673225294,-0.3167315194312246,0.4017276376055502,0.5106751876884441,-6.2839990813257165,-0.9929442807204678,0.11256581676077926,3.218267015592475,1.2285043780027531,0.6061762873155923,2.784992358646419,-0.7466421228693382,1.0072313492716232,-0.08232277221316844,-5.0134088755762605,1.0954640172178116,-1.5207929451551097,-0.4884979925222362,-2.338985584434201,5.859220715205117,2.544842828964455,-0.6182979449823978,-0.942565679257639,-1.8949212712708683,-0.5765732434424912,1.191639029184968,0.8538944779150333,-1.1029104116262067,0.2173600433854636,-1.9588149315275891,-0.04344834458012562,-2.5873979164482783,1.6477484289880002,3.7555534692760606,2.3667906714816165,1.404040182276108,1.971890496518627,-0.18266085072477187,-0.9210858038239965,-1.2843576184342174,-1.0574062621014355,1.515230677260648,-0.5272496212585772,0.1627888445358528,-0.9631496273844804,-1.143268565468082
TCGA-BH-A0C1,-2.183775106144125,7.718191598659092,-1.7348206455468564,3.736689109364308,1.5912385141298533,3.428214004053192,-4.486205538209154,-2.2731836433467083,-2.240545009539791,0.08329865911614108,-0.5354211121463345,0.46838017385825664,-0.5079581007632339,-0.08800329737497832,1.448873666418558,-5.094959303445794,1.9159061674520388,-0.5761087912142282,-1.914593192826196,0.2108662579295106,-0.7758956836513747,-0.49090779349430336,-0.23717046182192952,-1.3251428882647283,-3.350145253598791,-2.3421250837946266,-0.5809559799669527,0.04784287043884061,3.191978590717149,2.82850352921891,-0.5445992595169294,2.4401585581167926,-1.3304835716579835,0.3624098759197974,0.5065261333884353,0.5170695980284188,0.9835380037651886,-0.7483096078147369,2.388661705069117,0.876400991900213,-1.280620915672037,1.9661670961170887,1.302729944426377,0.2424559791274218,3.0636885582556177,-0.1990693523764194,-1.1387983874557597,-0.37009421118555247,-1.7119502419056458,-1.5185372544489248
TCGA-BH-A0EE,-12.732767757587336,-4.533562607247181,4.55337155015857,6.570083011668644,10.832072299085906,-2.695456792005154,0.14343558234216186,-4.2655861989865045,6.829011235477101,-0.40016838938295174,-5.562551221713719,2.7919561710708205,-3.5188481100625206,-3.0602719426099645,1.0995658804777169,4.095190512668855,-5.60405973607164,0.15268721100393876,-1.7437586050578167,-0.7203570003365422,2.888933623950682,-3.2084763914784693,-0.3519394011064678,0.8332994244340249,0.2812493473838098,-1.5570270676728573,1.1574786426041848,4.5732678653527294,-2.147974587130116,-1.567581825003134,1.910327737001224,0.806384959859991,-3.755357156352056,0.859141089430267,-3.0083719340650217,-2.3835455967731,-1.7052821320968465,-0.857132189372427,0.608381199883362,2.8400787062841064,3.3796674666328084,0.3094587427002825,-0.5382014174315781,0.250983381347825,1.3579250737984414,-0.1577312949686603,-1.2557137898688444,0.17314270118959224,-0.8371839422361769,-0.35977786892902236
TCGA-BH-A0DP,17.39217513175187,0.516045375002704,-6.724149227348816,4.346949219021142,-1.5259875433264691,-6.405592627364386,-0.636095731523164,0.7148557261449604,-0.9007195112567998,-1.2677830437018054,1.6760779714861318,-0.2751434718294186,-0.1498730275902276,0.562832343551845,0.45469969278813205,1.1200742534568935,-0.2829293835520462,-0.051450858508363694,-0.1626585249067478,-0.3944562820681429,-0.5277771829753067,-0.4003182581499751,1.177659229049572,-3.3072259834114632,1.1969861133840303,1.3194785218521248,-0.1923841278930475,1.4922938672341208,1.2218054635264113,-2.2089698682606094,-0.3892859946862777,-0.1521284736904665,0.184513439656289,0.46048649914412637,1.022923142873412,-0.23575599847243423,0.9982846696098215,1.4422576887974388,0.22039972121535448,0.007924140518898795,-0.7620642819874731,-0.021665678225295214,-0.6229572782470957,-1.0916619073765987,-0.23660098034400417,0.2597890257362678,-0.049843698910576925,-0.6511497189305055,0.2394385765918662,1.8292707358859601
TCGA-BH-A0DP,5.511038010659709,5.835437950617742,-4.6775072908964255,4.596743749352038,-2.8910464173264265,3.5556031182743544,-2.5709315334081513,0.39406921462688776,0.35979057304487216,-1.9782681916617306,-1.9932887911382564,-1.2882456537596265,1.7402655860494256,-1.120085094978595,-1.4296534690678235,-1.3069210380797172,0.17740600956100688,0.05450828417509684,1.1985503906196304,0.08345339753428493,-2.946105945809334,-0.1599929752175913,2.7413132419899444,-1.6368131922429359,-0.19316517849048426,-0.18190397279282977,1.4693119360159341,1.2251648157298136,-1.0281474509679565,-3.4299955655007452,0.021058936547473338,1.8188951131099027,1.786253710758269,-0.5660583151718077,1.7199351108893073,-0.5371348393953658,-0.7622173192313061,0.75301776184324,1.2851781486226732,0.17372108426936606,0.5485165332973346,-2.6461950151016245,-2.3648569122623404,-0.21047562517440777,0.7353561111545804,-0.6209615452035909,-0.005543698042409542,1.4241643497881045,0.5202145881693683,-1.9004562583603575
TCGA-A2-A0YF,-3.6120935042941,7.254512339433566,-6.497228242015354,-0.7255689906235828,-0.8195389177624985,-2.649817648607531,-0.6937427515779004,0.06561493333104354,10.06277456930869,0.1367319771926844,-1.861579818460886,-0.88518937613088,0.6119136133193288,3.1814892509410364,-0.4360935383798953,-5.015700527802381,2.139452977168682,-0.6423386019990378,2.836918536132683,-1.3814469995153544,0.005378899611146332,0.24039978169518786,0.6674389979862554,-0.388948274369654,-1.299231327111644,-2.0331295045720585,0.34119073957708934,-4.459128305566612,-0.802698048541561,-2.0525652857730363,-1.149651651386767,-0.8328730230726973,-2.914148256616907,-0.847880097241305,-1.2835969497111488,-1.6328393856525472,-3.237894331258496,1.070429258179346,0.11417089342850492,1.2042643754676978,-2.6873474419404246,0.14253019494011826,-1.9709919470278705,0.5018557041179498,0.23660587559419163,1.273347415626644,1.9254571136923717,1.7200837008234227,-0.644894372074902,1.616774015755393
TCGA-A2-A0SV,-17.173224716078415,-0.6556481001977393,-6.547486821354018,3.0701307965761,1.577158414095806,5.399778798113295,5.21268516136031,-4.55200986879054,-2.9445081735755583,2.199118925608612,0.3115553081176402,1.8037769246715236,1.1763335151068994,-4.9968727553353816,-1.1326886469286592,1.2392833260729144,-3.545946301013809,6.92168527803863,2.3673697433217975,-0.8760218861016563,-3.220340361477824,2.371541395507241,-0.07448659359833151,-1.9159991402034144,1.2350929407266371,1.2319573540639488,-0.9348727410111589,-0.18541550940385787,-0.9879410728031665,-2.8823700797600744,1.9188344803244968,0.32066354942721603,0.17774498320161947,4.289676309540262,1.593960388831147,-0.8330103868612578,-1.3741777545296352,-0.4645592540119227,-0.94090792889678,-1.8217746819918925,-1.404115258134061,-0.7347881477848658,0.4906343770865206,2.940862948707764,-1.7079011245095796,1.8761360364520945,0.8174428526773065,0.11312506585122359,-1.3521667932604031,0.45164071341240936
TCGA-AO-A03L,-0.20612223249300074,10.898184029366154,3.032019605269591,-0.2171883051230578,-1.1694571917670824,-2.5746387359348835,-2.401235083969741,3.834472786737754,2.338765240980181,3.768706991086454,-1.241044967200047,-2.42125133431752,1.5245999630867944,-2.855936522111352,-2.753248245340523,0.19463471475143382,-1.5417151222343843,-2.69307825275467,-0.19569661708783784,0.5829141759496335,-1.55999961590221,0.767420703243294,-0.751705824320831,0.8122740665092146,-0.47494129472567004,1.1602091982397738,0.10784456880685536,-2.8189885038947495,-0.14515938649777374,1.1906365301061785,-2.3319173445008006,0.5314271294245383,-2.584615291187732,-0.32060058985556145,-1.5390362166893583,0.8603091181931438,-1.4161075912224277,-0.7381261472405991,-1.0469735544804373,-0.29516713044686416,4.009528063755943,-0.969443655127299,-0.09636634795494711,-1.240646931331482,-0.7912054663827643,1.5303250655005285,2.316965739182031,-1.9882177033647093,0.18658326394129068,2.155131201787457
TCGA-A2-A4RX,10.153641320607154,-5.808882953832882,11.461187724758046,3.783801612870988,-5.41710838014105,3.2973178083578842,-0.48569420732754437,5.728209189030353,0.17023236408940604,2.988786906199619,-2.192323350945433,-1.3486813266371454,-1.2943897348969045,-1.4890663281404324,1.8893073169994816,-0.26289575265507426,3.611993694847703,-0.3198157993112406,1.8084058536350165,-3.964965671384047,0.48985470153339955,-3.0394074204165342,2.781166060280158,1.9370365212575236,2.6041671200316108,-1.4342205732895041,3.3087716150730517,-1.0100576956907643,-1.5836777511901095,1.1905639314760033,0.9447074108299308,-1.650187234346338,0.8866797143297751,2.2125688052221943,0.7037202562486906,0.40122131492557916,-3.350278330783967,4.104558972249388,-3.2994625668472293,1.5499215268305586,-1.7658666627237867,1.753064367437919,1.206791649441765,-0.04618948795767475,1.3416601430086432,-0.22468481921352457,0.7903341785268138,-2.516180314575142,-1.27884014955327,-0.73195417921971
TCGA-A2-A0ES,6.953766354705488,-0.6317529004130992,-11.47148537125295,7.243649625869422,-2.414891937387004,-4.427442293363767,0.9124074552767323,0.011964084151475774,-0.12875710447802682,-1.6037628020032786,-2.52720149746204,3.144975895543575,0.7172254401749356,-2.1875203165237425,0.32671429033214777,0.6865116085099866,-1.2331638278499797,0.23477135225726553,1.288470541735098,0.3556982295151149,-0.18100555854795375,0.6432104925345085,-0.8352707941627286,-1.8331647966971292,-0.47057813751612804,0.6572848831753814,1.0270405191142797,0.3271001633870369,0.79321720946287,2.775021280228126,-0.15046114690520612,-1.6285370752439792,0.6916474140448615,0.3009151019901532,1.0557369515654302,0.24181069812726852,0.07802496910514943,-0.07685375510257549,0.10784635245474948,-0.704509065303941,0.9688104001161778,1.5163306359035718,1.045368496029279,-2.3970603794875247,0.9835773862822946,-0.6377327364985792,0.9282292833286945,-1.4987900287650948,-0.31494276080571504,1.190066054808815
TCGA-S3-AA0Z,3.178355115324683,-6.758090539641355,14.611258054389195,0.4439798148343952,-2.3092561402798744,1.3996603903523872,0.028421204321696175,-2.7012274826599487,3.1004289887418004,1.4747942395058715,-2.989543704331873,0.17555852995361682,-1.114017315532687,-3.5234770003732963,-0.6349064533822872,-6.6323903310194465,1.9399068313544832,5.237730627262893,0.6968392528739025,-4.894672528287124,0.09845344677586773,2.592010322952127,6.5170768971655475,2.042901704787672,1.2573323534940803,2.6924384031604696,0.49764162210433777,3.6407500413790235,-0.8509302853841395,-0.7318197114025238,-2.2436286054805814,-0.9240723441764321,-1.0135013961762356,-5.470514332825378,0.5034975477663326,-0.8421726972535278,2.0216241018355423,-1.543345867253325,1.8864730538968395,-0.4012368234186989,0.4268993666139481,1.683808384061736,3.2107996016569063,-0.3772739634422257,-1.1767680182541063,0.7729653580542477,-0.21353539428563734,0.08591441409364603,1.3974086823403855,-0.1812064945126797
TCGA-C8-A12Q,2.3161229793045957,4.236616156388145,6.167286816625882,3.7895908103450946,9.635846036566718,0.9204047619878019,3.3411498962508994,5.109256845868985,2.063749506921312,-0.8938818499005179,1.475897338484112,1.3027906953028878,2.9816485909920045,0.30915028537020417,-2.7816100067526084,2.094801298777581,4.598773281201644,3.632385428064986,-0.2773386002920321,-0.9476976719700715,0.33094384596420284,0.6576417458968462,0.5723233568573012,-2.383201540348549,-3.199204621702373,0.5430870462968185,-2.33780945430343,-1.7215532832239846,-2.8360625787732374,3.1141073378290796,3.0198027991356544,2.2128919856430107,-0.2289238322325709,-0.9352341790940037,2.4329822297528065,-0.43811970092872743,1.5940705076566726,-0.4007722063339624,-1.288032135255265,2.6642778547004786,1.5699804468993335,3.7656367105805026,-1.8388574113548697,2.289974308169204,-1.126919411919214,1.1604057631268665,1.7836243460965693,2.047207848569274,-1.224547904282676,1.109527769477174
TCGA-AO-A124,-2.207812553536903,-14.137544567358981,9.922179415777133,8.465691908387306,-4.385799944486359,-3.69185761243408,-0.10222745349229777,-4.251418987627719,1.7812882655547635,2.8100730116420785,-0.39976329936751526,-3.155896456800963,3.6191850151628384,3.7390890451264363,2.326627376220476,1.2883294604227113,-3.9118214380936474,0.8174616979076235,0.7655351004146229,0.5388066983055814,0.5080612244675106,-1.8758485117894041,0.37834740024812524,1.471713767259762,-3.15290227628485,-0.29279157158920527,-3.0218532661464463,-2.8742577218113574,-2.2703488522317445,0.7567361614758835,-1.4149194735773982,-1.446367220588902,0.024464680005120303,-0.9520779358595265,1.8352578806208355,-1.8110791253779148,3.445439111784285,-2.1639305989564663,0.8766920296576199,3.1866342112128843,-1.6587719108054642,-4.0388181313289575,-1.4183236401359733,0.7579711035499367,1.6208734196320609,0.6898894416512171,-0.013514894698811867,-1.8029616030838156,0.41775742294917195,-1.4052629673955068
TCGA-A2-A0YG,-6.175666145113674,6.662664471521433,2.6835320787480113,-0.43183790910744646,3.3045289252178325,-2.7098945561121375,-1.4749833316738996,2.172068085459073,2.7441310666296754,-0.27358823725119885,0.4245711339463316,-3.134538291134021,0.9175108705407459,1.3373941299323817,-2.2050260191407554,5.302257286708034,2.961901152002986,0.9940806243593799,0.7935641063385096,-0.9587074923570115,-5.002697961886495,-1.846734900289856,1.5159581707626173,1.8635801692052647,-3.158535825373796,-2.163079656450077,1.917419462786259,2.492187790494373,5.427257765151941,-0.6193239022327982,0.3507833191050802,0.7164817996027433,2.028892583836351,-0.42953844133559466,0.8748714449614892,1.8687707071949033,0.7186089749185869,1.3376595568711431,2.942528405008629,-0.38270687067668135,0.899689896832594,-1.4362317306549677,1.0112887689471843,0.12318400403806223,1.931282772616108,2.680972378013842,1.2129322483210854,1.5536715628966207,-0.47426658813181477,-1.7434720207434695
TCGA-C8-A8HR,2.7412970863603054,-0.8843957174746286,-2.558113349546464,0.03105233427930154,-2.0775604389785705,0.2281221214533477,3.6342095759466146,0.9357375256673213,-3.1724500270213736,0.5696402944003617,-1.8718103880505665,-1.781377734416749,0.8590567807536622,-3.452970803101067,-4.92629354493324,1.5178948690702165,-0.7410337940933449,0.5603923192901592,1.458883822105527,2.5937846824756035,1.9077848884488122,-2.3910223939150907,-0.4434466767489442,0.8837245058517643,2.2228836585423157,1.9154614397681502,0.7986646175687142,-2.483191886987882,2.546375658449143,-0.5197646268521786,2.5974951037137832,-0.6273594638806986,3.2521592418625733,-2.792102846598522,-3.016576639134842,-2.6648311517006946,-0.5538422571389499,-1.0285324000852294,-0.77295949411961,2.7951015503465118,-2.383073476577135,1.5316604562443654,1.2059397886708765,2.0481812653920346,2.655854596831152,-0.6010067118742722,1.7469306850317317,0.5008628136116953,1.2210980879812499,1.1219204674845735
TCGA-C8-A137,-9.681615852555922,0.986760586124211,2.279470673327751,0.2541056415841247,5.509235457679871,0.5197002131768385,-0.849440871313161,5.772070005814023,-4.0460251094883555,-1.255677136373926,-0.6487028581830446,0.5589770788083729,-3.465765590646201,0.8072090570026224,-4.046151771449995,0.9446081716992352,2.0506330763601657,1.8195182322860395,0.3298414595477436,-3.6184497228986054,-2.2753089268986426,-0.06664925955620635,-2.7771075026339664,0.4632564561531471,-1.7234961611254886,-1.2994908869760062,-1.8518620011734181,-1.8323797244933668,0.278415257809841,-2.272806035019953,0.5691016325898237,-4.888563226682989,-2.6266426227965396,-0.3210820838001957,-1.2036916023364759,-2.48935843029396,1.5653393616034297,0.7925203914524517,3.646037585151158,-1.263234167198705,-1.118255079471033,-0.4900943868436577,2.0843315408556737,0.7074479348774149,-0.16796798270832414,-0.94243180157327,-0.9229422975961422,-0.1465948350950912,2.3524308337657156,2.4962617618887615
TCGA-C8-A12Y,-5.715177225102299,7.422061265226073,-0.5406758697285587,1.0326668328542083,-4.633935165694383,-0.9706784327064295,9.112962598218589,2.895959832757065,-0.39715615140270494,-1.7489551525544367,-2.1062367629391456,2.1281532546724766,-0.8207049271844334,0.8280594431614593,-1.2848098083526922,-0.712354860641513,-0.60003668840486,0.8903546776134852,-0.7979038707872115,1.0311135216106155,-1.956042563720691,1.096131663402282,-0.38647660247478144,-0.6925578652909512,2.5159650147257837,1.01016393882938,1.729223311102435,-0.41572926190837994,-4.122855539779135,-0.0007628970493903472,-1.636018619621442,-1.4818588028667292,0.4474876104631443,0.5337881125096889,1.5124822821173793,-0.4351597637752538,1.6275169634115338,0.6878289030893067,1.4956925174757127,-0.07094029076096374,-0.31586088840990234,-2.769869131630266,2.4053716296450527,-1.369121618551075,1.3241566361339425,1.0248765274843492,-1.42304289117579,-0.7244946745557317,-5.229289324946651,0.8085479983654217
TCGA-AR-A0U4,-0.7942096529493168,-10.009395005570145,11.076462139016114,-2.534958181138698,-0.8094114249978674,5.015470042438997,-0.6501771466529619,-4.920117817267916,-0.09740789056235725,0.6219938148579085,-8.449196388379981,-2.366240573758838,3.595851012648382,3.608527442640411,-2.5999300305008006,-0.7096318261862695,1.773226922605609,-1.2855599193900293,3.629179183653433,2.8919156633619076,2.4648590328307907,4.260327626829902,-1.7388400252782763,0.06307854623561433,0.24973095677175933,1.024503579237184,-0.8587302820674221,1.5009035287790542,0.7078316729025921,-1.9173484355807842,4.05435617791205,1.8596410051017773,-1.6699539478761507,0.8012857268467533,1.6522807249321179,3.2814565155340794,0.4770592312190307,2.7057833481435103,4.042103723403706,-0.43693119353172843,1.2321653091968117,0.9160630560781757,-0.13426536848857312,-1.786851385640273,-0.8098736471073811,-2.7950690448046664,1.3078391104297187,-1.6561618454448568,-0.41235910495032935,1.8558638784815293
TCGA-AO-A0JM,-11.028270285157644,5.399132477593514,-4.319957574077696,-1.1256619784120814,1.0425544669240192,0.3886571863444927,-2.808785376410167,3.0537998347381405,0.697841729526603,1.5697602295879354,-1.7536997812556834,3.501558531161787,-3.046130787161236,-2.244984582369088,-0.9749057881217382,0.5641252694112417,-2.7420589863025184,-2.791458023993751,3.3106362824515916,-0.1255865083265582,-0.7634762762555222,4.590638692051755,1.9707548396028423,-0.06901890723336274,-2.3404212615788964,2.2123485723291543,3.4852606455926924,-1.4329809455596356,1.86179073084489,0.7658283092618552,-0.7156874818463198,1.4066341159796911,0.8528579271257714,4.555641242427311,1.576282444843312,-1.4923750213044524,3.078619258839905,0.7511653743870543,-0.33143353453926,3.4055846968010304,-1.4344473540051657,-0.5760318073655573,0.7418403428708544,-3.5537887690938903,-1.7732237691039356,0.4073006797833714,-0.3967891687127294,0.7490985827351914,1.8096658881737506,-2.3434496225608994
TCGA-AO-A0J5,-2.23459060164874,3.60629376439039,-4.258558828532654,-9.100391588092853,0.8850148660712256,2.4650210385960696,-6.195533749563191,2.844854410227858,-4.561082373907075,2.841611587360575,4.697125904753913,-2.7131589443947477,-4.061092709595451,2.591887930582065,0.2879985718562809,2.838610297379971,-2.71752800106986,2.9131136922694334,4.952491086591796,-0.4084331383558303,4.0674106433442025,0.04356260039575192,0.9207305890314761,-2.462830528128389,-1.749262889921437,2.4967621812237395,-0.362201589109791,3.137446648396835,-3.698911760378781,2.9582737292241217,-2.7267042546688565,-2.0235681851983047,0.3506602416599347,-1.6113029931020755,-2.644948059508811,0.4572057588158315,0.6190490798730471,3.784408869357549,1.6128435091702353,0.12245981659949316,2.219799801091692,0.11364298906330826,-1.3394431252058783,1.6634789208053822,0.12379393328495893,-0.9030434531194921,0.761153710969912,-0.6987472545543943,0.643511229872307,-1.2608725345555996
TCGA-BH-A0BZ,-3.752114514870128,7.538917149962405,7.841008939028205,-4.946192461257738,-1.1524282555214227,0.3774244046039613,0.6309731184752964,3.7491888234823953,-1.3278856097809448,3.7402961534008616,-0.8023867436863811,-1.1691743352025452,2.1007294947930144,-2.9252797217562536,-1.73973901026971,-2.664335888710813,-2.7582256870415276,-3.2209878198185793,0.5089596126207999,0.6512016673968721,0.17716736863404065,0.034300470563783166,-0.15046984028380672,-0.46036842040212833,-0.4317018278515064,0.7812275892173735,-3.5015070593247084,-0.9317500429752834,1.5376484967889787,-0.1355952263986852,-2.482479066522336,0.8214735065615053,-3.387715158159265,0.9723953988374049,1.1689085089670925,1.0696012068564817,0.647599338844178,0.07062889140149502,-2.905754665516341,0.2541443197799667,2.8241675297437605,-0.7580148559640869,2.194469579614094,1.0208389748282019,1.7683843825644663,-0.45121166785601535,-2.2450496655969325,2.5811246381001363,0.6774088487335197,-0.04097091837855357
TCGA-BH-A0BZ,16.348429826319812,-6.538464111749272,-10.63851451385878,-2.6300562430672176,1.8629772503539037,-0.24331923731706157,1.7074616482869334,-1.6998440171381768,1.237814468269108,-0.9129782324475068,0.6388581758647454,2.8221681768653775,-0.10590325608288896,0.6418839619765424,1.2319405594489432,-0.8465170813880586,-1.1781906184783904,-0.9338874903580373,0.855423013339217,0.35048658476742234,-0.6583175954046688,2.454267750199196,-0.5752887989261607,-0.7676333920942208,-1.0341266612553233,0.944646634277931,-1.2014200241007533,-1.3753994724507579,0.45329382531746754,0.1313052381895054,-1.554169988124313,1.1249993651011754,-1.3251100330895071,1.5171079897031365,-1.0648062613567395,0.4378449210100262,-0.8447184377627773,0.958616217101742,1.0725417918789462,0.5061083516080416,-0.16712892392133016,0.3251242862251542,1.5751682745664524,0.21327325235839598,0.10103829854256606,0.1673679705264611,-0.13355270734061028,-0.3919528488589535,1.313180668710275,0.32870188252024396
TCGA-BH-A0E0,10.085803832608402,-5.366969067899807,-7.5168457489595975,5.046955095115468,2.055721184103964,-6.308152153755273,1.5809467795348162,1.8103006750051365,-0.8703565910704131,-0.4378449023841808,-0.11991307238211625,-0.6529343230953834,-1.5351173297695861,1.374624487724577,1.368830031039629,-0.46146758587371745,-0.34565286756223873,-0.8781304855790106,-0.5649421766674685,-1.7847711039538527,-1.6214154860901304,-1.9217045684725085,-1.3886847751610463,-1.817099905645655,0.6742694410701601,1.7236777668454142,0.12082173386296968,4.4412128929075685,-1.6652243180439514,-1.6101138395924042,0.7067447518761898,-1.8110771024837358,-0.059783202162401336,0.3741158230958128,3.030422704708083,0.7399776218487109,2.9060570343286733,2.578920713934238,-2.238024044699146,1.331990540389982,-0.21375443092157798,0.969325617857694,-1.003286953345447,-1.7338791468179413,1.1341083446404197,-0.7105933500423294,0.3249541483690136,3.3477058785363036,0.889932117305011,0.8862286413845056
TCGA-BH-A0E0,-12.141064480071273,-14.17918417482893,3.3293944340972716,0.31744007809018443,1.8381193891707168,-0.8739020691053629,4.458906044567365,3.4515034659093,-1.7491733145276098,-6.878073370512803,5.066858654911446,-6.404044538959162,-0.26649482154234405,-0.23648907980865752,0.6290626114001567,-2.476760720666531,-2.98495229254073,1.8321053869311648,-2.3357257575332406,-0.4249898090951901,0.4678957810975926,5.05060963552547,-3.8215787568859563,-1.336675364426634,0.8567214388743727,-2.4706144674820565,6.8354887133307605,-0.6136615162910862,-0.7678804204597377,1.6260783049088499,-0.3063900897065224,2.5051664226944874,-2.184536424167541,-2.356320068223249,0.22403335482211148,-1.191751890129609,-0.38141784436076576,0.15174699490595328,0.0805911499025366,-0.748702992064982,-0.21244927979816358,-0.9083603659123433,-1.1237033808376964,-1.0232860409244435,0.6693390937284199,-1.6797067845877596,0.8467474666053886,2.0403644721110483,0.06214146730221425,0.4276452459363284
TCGA-A2-A0YT,-9.362804878907903,3.0321982266148404,-0.5790671330046123,-3.1563083333988153,0.20696103792463255,-3.9988670702502853,4.694554468996735,-1.1890995198130925,-2.490191708985445,3.863383991735119,3.9648812227090486,0.4872540583116415,0.11567335787226382,-2.575523007740943,-4.068913829685369,0.09761982701719418,-1.080096844886539,2.146773304977005,0.2734940957831862,1.5889912831662418,-1.6032575393513364,2.0223245723144285,-0.2755498941870647,1.0931238348609562,-0.7179849356709045,0.9668995786638593,-2.0733723629759524,1.496670802074363,2.6811181078061073,1.3521737599775145,0.006944650342452544,0.8209539531865719,-4.9659126549830575,-1.1108980270551705,-0.3709868614323,2.2013634782551943,-1.3747572316028502,2.3414661242101924,-1.9724313008936232,-0.19576510283659251,-1.5744814096822217,-0.7960110620329561,-0.46334870037641585,-0.7937599228813631,2.9107407821538565,1.7512657330051524,0.8610233120809161,-1.6040557479384228,1.0593611912247742,-0.36553926159077815
TCGA-C8-A12M,-8.010894371359665,8.668541513764161,3.0866887122037485,-13.086365088234205,-2.8844882774907084,-10.588470750289229,-5.315876823954846,0.2261878025550144,-2.7146051095420436,-4.875997064714696,-2.5033233285063345,0.5673952576866841,3.1234475638214367,-1.177840237120176,6.315243038837892,-0.6431142041501021,0.701591207901423,5.249307572716269,-0.9923699520555109,1.2696610657451548,4.037515818099784,0.9074658520856793,2.703060857783396,-4.73822231679895,-1.738828234174988,-3.5577871625690047,-1.5666202466079608,-0.3760405696601642,-0.32463074725706786,-2.0567226951423194,0.766148504024596,0.17628047701989305,1.6275433997299835,0.8113534419626619,1.028133693046653,-0.689118066509073,-2.008324492712836,1.0062134411364994,-0.151361670929822,0.03439180485421433,-0.2984770002792979,-1.5881053005365575,2.0935854560050617,0.5745819369559785,0.5183791564025142,1.7122541301632033,0.7228677239015692,-0.17704487440075115,1.394090812272949,0.47055043010897507
TCGA-A2-A0EV,1.9386991646202905,9.611860978791809,0.7298626538095685,-1.4950592650450267,-3.1400563970307984,2.1634679415141895,1.470369187194431,1.0467168717739583,3.2301517242727873,0.4218336957897271,-0.6574295890995734,3.1733723617479517,4.0777700405036486,2.2225882002314905,-2.418995130086509,4.783307815653934,-2.954465993149531,-2.1941613256550303,-5.7688834057825735,-1.8061510270012073,4.2183738525701955,0.9078730062497646,0.2211696400301701,0.5322567184800729,-1.7844539249727518,0.2330520898385415,2.5191501329384263,-0.13691435007885872,1.375322535151807,-4.167128007782425,-1.584060051091295,-2.4415649184613613,-0.37540243929084594,-2.572326415905951,1.2984696404884224,2.108827009667952,2.0051960679255236,0.046324217385499494,-0.4125301901822137,-3.142037268678777,-0.39753717004788525,0.5843589471076922,-1.1680784075031994,1.2735542881008106,-0.4808011042498699,0.46316560198841117,3.6040580217703817,-1.0139174816927203,-1.7411333166861536,-1.8944364703680905
TCGA-A2-A0SW,4.936856704989664,11.989168037904976,14.993288620934441,-10.09302256040678,5.913904282387331,0.2818400835223973,-3.274411594072898,-1.089554426348189,-0.5743278471650107,0.13665190384185316,-0.5838204372004275,3.424872451538783,1.563466093020942,3.058769505832684,-3.864298955698375,-1.0366297958532358,-4.199692612930208,-4.592034999132756,-2.4072865588892616,-3.84565166865912,-0.4983537354898584,0.8474609756397168,-0.047624216579266125,-3.463710996912888,1.0077876404515498,2.7223848732838096,0.9744526715370879,0.4520568409351757,1.3602679298241607,-0.4019059485218466,0.5668343444478697,0.29448690113005666,2.4345172830910298,-1.7211056712502195,-0.3172247515061074,-1.6994881329185763,-3.093494689982325,2.086175595433583,0.5422482051251611,0.47583640453804404,-1.1397777918645076,0.2725612849155222,-1.72917534228771,1.252356456087256,-1.2487919758447164,1.834661163620293,-4.374617327617044,-0.20115944287100967,-1.3581113999674106,1.1067512663467676
TCGA-A2-A0YH,1.4303225523378031,13.34270124099585,8.32424047334789,-4.907846979529556,-2.811997087915243,-0.06167345514876662,4.215448809975206,-4.294974738718439,-2.647769503642341,4.430763882029926,4.520970267540971,-1.4095734757313259,3.241470999362008,2.2369198096316336,1.0186454637432893,-2.061837615706561,2.0756745654100155,-0.4453224115342481,-3.5752056757364086,3.8340620927619105,-0.8728846586302398,-2.951499998517689,3.101283936414557,-1.3784273811818426,2.277381529346745,2.684712940703811,1.0147568954698767,2.8064996740081463,-0.7153415426627584,0.15021768232245145,-0.999128604849278,2.365224928963803,-1.7343680169117932,1.1797688234347379,-2.5729535903250804,-2.2102929601276466,0.6675866520519058,0.7848832607121068,-0.14369915713770476,0.07645998302409478,0.477852832486966,-1.2285908151674434,0.5014461546180372,0.5118219592170673,-0.9052182256657815,-1.9705146425575373,2.6001214690788337,1.224501317850637,-0.6056061163402756,0.7000984992475109
TCGA-A2-A0YK,15.444854983986328,5.63475903008438,-0.7613437303464,1.7438946143822522,2.1705887707472056,-0.08608373376080186,-3.0856401652060264,-2.0349733151024485,0.38210680272714026,1.2707562464421915,0.41115736809940856,-2.4566731571261022,-0.3530653466098449,1.0640902003411268,-1.5590171810585882,1.6851668092833743,0.8947203655819143,0.4616737024420417,0.07446025936240103,-0.4094811737924461,0.7339805558765694,2.6057015286174288,-1.387452150343927,0.5044989078963671,0.6146834191220578,-0.2948870981615252,1.7913730290896395,2.6591595072944316,1.994891185163685,2.2177273394488792,1.012989784505804,-3.5008265194295665,-0.13827243345218873,-1.0573960013293169,0.29696640954093395,1.9370267664693899,-2.9314158290177494,-3.3134127232545705,-2.045805217469667,1.6585888222627145,-0.33875814574567964,-2.9093588079054933,3.359860176502518,-0.14828929614243988,0.4179146457066562,-1.7808652847702915,-0.9817703062743304,2.0791296500106142,-2.2288258823083567,-0.17299178916819954
TCGA-C8-A12V,10.24449203387631,-1.2448984840776498,18.335684618044116,-4.304787954036735,-3.119381549423217,-0.1592070233169025,-1.2944755122069729,-5.487367130947745,-5.151068493614318,-1.2081411058293454,-5.968006636138265,-2.940025118244725,-1.4415775470745427,0.5029084954456952,-3.2937289529832947,1.3762890626568798,2.956150822282837,0.3276743056884003,-0.8840055091438952,1.8584404950401407,1.234071375410552,0.5805426867787322,-2.9355362059537407,1.3344274852875322,-2.1701361347586063,1.3822845952532705,-2.7521068609810215,-1.4255723093331343,-2.0545528276554075,0.3332172105749339,1.417114543232519,-1.6402003215102652,0.5490428421724772,1.259101682217577,0.27858670792186935,-1.1977913680601657,-0.41243245469584716,0.7983809109691408,-3.151804093041383,0.02364205890034105,0.402196343470868,-1.8168603304302708,-0.4308920387156887,-1.7263085085421286,-1.1498640817518675,1.4060272573411599,0.048132873099553775,2.8780550473753475,0.04675646459822193,-1.6519610628150836
TCGA-A7-A13F,19.486502404260772,-10.305016207075491,-4.9492350481095535,-4.4294610780539,0.12792345390813967,-0.48854328000887637,1.4618112643104821,-1.0690369540840192,0.007596439483793272,0.7464713147482426,-1.5978279749741564,-0.11278286565246956,-0.8153228255091548,1.0144883657660615,0.9240836697205914,-1.0364694524758389,-1.6671758840263853,1.9567303188837424,-0.9553487390808183,-0.17893633066150022,-0.4415839057314976,-0.38231610139870625,-1.2608641379170478,0.18969878907818888,-1.281875526534805,-0.1942922035449117,0.6250115758175203,-1.1374823943343497,1.3589666015622468,-2.1522056497639674,-1.5335411675837636,-0.7578217511931629,-0.24332820691046325,-0.7313217507622558,-1.532025786043421,-0.594681412327196,0.7145356550729834,-1.1918736460891932,-0.45633396242950647,0.24254134726191576,-0.22035429152265013,-1.7965503185923293,0.2695483002214725,1.2065139699855005,0.27894739505884253,-0.9677631876044177,-0.5651938737843646,-1.6515989981121422,0.4463052301587728,-0.6388897717384514
TCGA-A7-A13F,-11.56961201005695,2.7965556609210274,-8.697257016973623,1.0402531933151689,-6.474246386872471,-2.1387844969737073,6.594716359577266,3.7161313845214554,3.363569468554379,-0.7013579911727617,-0.9105487209990287,-1.8987881922897758,-3.7273276362893784,6.471186623027288,-4.253522381380297,-4.103298052807278,-1.0554750306307468,3.0215275799393417,-1.289751635635681,2.3006530444686693,5.852170856657454,-1.7381140647370572,2.193396219639009,0.3085559483216587,-0.5167970456831492,-0.8410192747406307,-0.25897032704860334,-0.0629483045693042,2.4731304572326622,0.4904989370720562,2.8771485234245233,-0.7517253766555432,0.24128358253996757,2.602007520796366,-1.4234180557875793,-1.1220641006715855,0.16248654050796896,1.4284595372347273,-1.1295259519783445,-2.5253080186701946,1.6316478806361872,0.8310735769472997,0.8821895838079896,-0.6287665423035693,-1.096464835194633,0.4561937374427904,-2.11032964523827,-0.8010311621103674,-0.10530736225992282,-2.2047906599834337
TCGA-AR-A0U0,2.5895894002381667,-4.037399250101543,22.938364582665614,-0.24974725647891427,-1.6261363997050766,2.818794129289901,2.3440183192101833,-0.25323258917367014,1.7662714747730413,-6.252711986767337,1.5257230496837353,-1.3675408966242955,-6.006812738399303,-0.3616098778143754,4.8549541903733155,1.538332554195814,-2.7359328693016667,0.5374012692565084,0.6574135957649679,3.6310404832612777,-1.040417308370907,-3.093380124110812,2.4618657599522393,3.8474238939365044,-5.419792592629766,3.4001519303301126,0.5464379100971054,-0.31415934371512344,2.32958711279837,1.1075388255937666,-2.3145438815166304,-1.4282511598260805,-0.6208248333264461,1.7993400443056213,3.3261653948688576,-0.6435125605337331,-3.6918913073083113,0.57090146621254,0.6004166353758349,-2.23673747870268,-0.3844505329209537,0.9313217601380384,-1.569324002496933,0.19932399809691773,-0.7745031162379464,-0.7769389513218833,0.12657825032043027,0.9597720795836535,-0.6987542029718905,2.698276325242353
TCGA-AQ-A04L,-15.744888492040344,-7.49126689660075,-4.61869168069354,5.851457280035025,10.064895818931806,2.683179393784959,1.9885559874641827,-0.7626153160368817,-5.343072994526866,-8.930883404686774,-0.9365790371578766,-0.14200546884681153,2.9517463151229704,3.393323890241659,1.3467532689205601,0.6350990780494821,0.25907749954934883,-3.9922382255965045,5.824946799786168,-1.8263541817610887,2.1033020846747648,-4.376893176982484,1.3879288317251748,0.5898526409290433,5.631767024380622,0.9826636354133464,-1.6126270782300116,-0.9088535849462839,2.8434741759751905,-0.9882250023773632,-2.9108383258458495,0.41168876025580825,-1.0074361580947921,0.18583887504499919,0.38816961912884645,1.3463566325364655,-0.9884461702451219,0.5741178794912477,-0.048676410944287284,0.6368553121560222,1.043050232739365,-1.5673240358970923,1.9386784663174144,0.9815746557662967,-0.20077387192218163,1.000826015754671,1.759270373387619,-0.13135814775004842,0.3664608341449493,-0.41008300192732894
TCGA-BH-A0B5,-0.5859839490499308,6.063650387135429,-6.052000896972561,1.890226834098544,-2.5486017008870308,4.074792373560046,-4.542685820850044,1.288877890239504,0.7000307956707184,-0.2501999716091465,-2.0120668057773337,-3.8232206877412493,1.0363761489028382,-3.057651459773018,0.5722868541804075,0.5851656884850597,-0.33327226775209823,-0.24723367499958876,-2.0370905504151002,0.10534956224915855,-3.5480460458125487,-0.6287973913139386,-0.13732470274328235,-0.0426726992886197,1.3570843154763428,-2.518976189164795,-2.217159582994157,-1.0461560645970907,-2.2859263401631567,-1.787955841846854,-1.3722535134772391,-0.46148346770511656,1.5863927881004616,-1.3815222068850552,-0.6952459188919878,-0.7059522516169964,-1.6202485552824668,-0.015099761436051833,-0.4081152403073189,-2.295690860897202,2.965482428241829,0.3409835586338902,-0.671038078478101,-3.934956610938431,0.702950164425787,-0.043973562254198365,0.7873996714186225,0.06661775663882094,0.821781911718005,1.506452216545921
TCGA-BH-A0B5,-4.040389091869825,-24.465165296741162,-16.04785096227929,-18.154255970645544,5.124523528428369,3.3772713972946606,1.2254608539120613,0.9647211614630641,-0.773223353521956,0.9990690750928015,-1.0853364153434977,-0.08047847057115205,-1.7843707676584515,-1.5962682083293223,0.045740462483616934,-0.8734786656276965,1.4773993237396543,-0.6802301642512254,-2.91104286808004,0.183663985116588,-0.19498087678996062,-1.671622675675065,2.154809988118862,0.8892516730232455,-1.4341376189393584,0.22119314986468236,0.41493251536421255,-0.6952475393854857,-0.5730116042724884,0.48954142755281327,1.0554345102731368,0.5705321457440474,1.8190577556800585,-0.12406211725495421,-1.3846029745360193,0.8700944031705045,-0.4566724879644712,-1.6120348534865059,-0.05258643733548792,-0.7621511495622241,1.0905389050884744,-1.0395570824541622,-0.03263425876412857,-1.2135522356506134,0.2866770465742294,1.660011055995272,0.2587301057156085,0.5400438274035756,-0.6940200636638771,0.3143165965838324
TCGA-A2-A0SX,10.29043971170325,-3.282132516102719,16.96887432304994,-2.056779895506874,-4.543694802110641,5.937766932254537,-1.3337546833411473,-0.30519209896791805,-1.2039565817754807,0.9652418704179621,0.14615104465028125,0.6154614370403313,1.5280061842910164,0.09790604912941973,1.4728426707415152,-1.6015738079817574,-2.3976374895137034,0.6702115558560919,-0.6977996949259403,0.8369983721944123,1.1575387418886243,-0.21570619390240067,-1.5983206796187261,-0.7523212319290877,3.387816003645983,-1.7376716015519786,5.85722738199023,-2.0629813197960756,-0.8011597790857797,1.2292825990472553,1.3116972859776286,-1.3520055823743566,-1.054009678737682,2.3348558156597,0.17393775257275054,3.6145514798551925,1.8131981973861844,-0.7906933240225122,1.324913129172942,0.7972951407493727,0.9476865346550996,0.9436255234812301,-1.7442796750214107,2.0855567117005305,1.6438646445418266,4.653088723536109,-1.2095195924077893,0.009387484569340738,3.837917106039084,0.7012193270373999
TCGA-A2-A0T7,0.5901442631031517,1.2062791074607349,-1.730255882164217,8.814760896581562,-2.2869122711376075,1.0205988642883754,0.9959677500414571,-0.6490952771537981,-2.9426138349200195,3.4594853762405933,-1.4663050661810437,-2.447773373494326,0.47229818497369425,-3.1595968628820756,-0.2974911729966612,1.0861967144206401,-0.8136885173932578,3.698317465435748,1.0768359569835952,2.4695295945286984,-2.0976618288443416,-1.9920759202821856,-0.4278807419194698,0.07570542999797904,-0.2538141834651936,-0.9413305420353643,1.9547101766207442,-1.1049473364815274,0.9087215371299491,-2.943935706094128,-1.1367688711828279,0.7033536031486312,0.06585652924837931,-1.1279870179026898,-0.9348460735992217,0.6222805244123154,-0.9764185644134666,0.13438902323750257,-1.1126703084081804,-1.8002677794534108,-0.008936522599469964,0.9410796237650756,-1.1927152187294028,0.6150811479143687,-2.41587814344337,-1.6753508773797159,-2.5523961172149026,-0.17543399705275725,0.424187250278065,-1.768974340192002
TCGA-A2-A0EX,1.8607841092963264,7.5217527885059505,-3.182476132125775,3.4536451807695316,-2.9473560557269884,0.12656098454321493,-3.5035814073235874,1.179072055354958,-4.892264141937502,-3.3304253331781792,1.474008528293321,2.439117341176495,1.3145449066727637,-0.984442385242858,-1.461500313089829,-1.3454721920017712,1.0733824098375961,-2.637744818924054,0.552435063385579,-1.3341188980458645,4.320342506764338,-2.455665891918327,1.2342050460842557,1.8028860375473672,-1.8668782040246608,1.1042712161702612,2.6865395560894174,-0.16521597619178496,-2.9816510431786254,-0.6946940946053858,1.2895775126300006,-0.8717201957318587,-3.6587028326848294,1.9137233899403614,-0.4471781650136921,0.09209372500390381,1.2106156984750798,-4.039972997715061,0.5821177026834018,-0.33786042837492186,-0.68339968367475,0.06515948892835575,1.5416101409110197,-0.9031508424194366,0.21075361308134008,0.3831923909331235,1.551537448869848,1.4618712498035145,-0.7902121438280227,-0.03891083731107826
TCGA-BH-A0BA,23.82007803800913,0.7825958302168808,0.061936429277433494,-1.1542881200930697,1.7081723293001454,-2.7060577267723422,1.6760914166434164,-1.2732215131884796,-0.4795554704287057,1.458390941109676,0.24417531247440258,1.4516042752867242,-0.9665914958725258,1.7189420267048099,0.9461316647805564,-0.6124031565221654,-0.25326719928462915,1.1320102411948818,0.7312597289800951,-1.8559675081844582,-1.3429471787185117,-1.3533193974829787,-0.5561138480757912,-1.4797966854078217,1.7144961231342253,-0.9690949680580037,0.3386900781598242,0.5612623086151263,-1.1255029197766349,1.4699751196037336,-0.33530099984467415,1.2395147980968348,0.25705161445525354,0.9504137850563988,0.24970525746227548,0.18415967633344418,-0.9959291179813203,0.935444262624123,0.6937928523618968,1.405854553192931,0.780776669114405,-2.3170708392816066,0.510422956781026,-0.26600426064523747,-1.0756039616778172,0.2741796936508397,1.6854111828640683,-0.7422565246231291,-0.4971749724647068,0.0920155427945178
TCGA-BH-A0BA,11.784060110422379,10.031365975271116,-0.4070058778477671,-0.23715117878139272,6.342793758559439,-3.383933847063829,-2.821762644654624,-0.12282805770022695,1.7767835212206,0.44763713071545574,1.9579485233091907,0.37647142978587717,-0.5347962859018871,3.10933719668816,-3.509150060546626,-2.1091059282103983,-1.1991518050561998,1.1937505749382065,0.33504296884341184,-2.339944831362625,-0.6278854716092078,0.939599293366445,0.8549291199429234,5.541984158722094,3.7784223622357826,-2.007305143927004,-1.0710305534645013,1.512010078744442,-1.1427523646321287,2.474406498094637,1.8865294243003605,2.004405022551146,1.1266640472646257,2.11086693643632,1.2559194082641065,-1.5400281928495794,-2.796859670758318,-2.168870005279089,0.3322059500900193,-2.801961352307257,0.018673642383503993,-2.060211899134651,-1.4099957521132132,-0.5197583895603959,-0.6151761809444284,0.31080840001322524,1.3540521392855513,-0.09111190238514874,2.813496059428739,-1.2887190850637824
TCGA-AO-A0J8,-7.388078175521434,6.264083287750852,-6.851171361276026,2.65825795554872,-1.022530974143966,9.096674679189773,-1.6244142662670134,-3.749445274000446,0.9033309121449301,-2.74101417589461,-1.8091981781427278,-1.2214562240647646,-0.42695416257981805,2.607184181129212,2.9077837598235434,2.1608291144558054,0.1378872115257689,0.30185943143778715,-2.5271856554939034,1.7848629977014092,-0.27137578478736774,2.1103400333327733,0.5971156147426704,-1.161037944829123,1.1435896216467676,-0.7208703444703592,-1.2925237153716147,1.6867303409522623,-0.4711252230266203,0.853896524512494,-0.04952689420945412,-0.07596024938611544,-2.12359087961184,-3.2997728283482695,-0.5060093506515906,0.3575600846699421,-1.4935029171365726,1.8821058059119111,-2.2554603143400347,0.10917969850533686,-3.7614408280871423,0.532960652679534,0.566255775059239,-0.7344082691171916,2.0647079404704427,0.7849047668904011,-1.0086619707792346,1.9130410746977062,1.2927028713559618,-1.0971597546773575
TCGA-C8-A12O,-1.1114123673808112,8.799387556252231,4.265747039542701,2.538894316121844,-3.246308254133403,0.3043538141174019,5.760663667355401,0.8389231731645276,-2.9523668379315477,1.4008466076593908,-2.765024749261339,8.484637050289919,-0.9871766338624115,0.7012353975832497,2.8430787137079623,-0.6083962788797124,2.4280682573301005,2.8676146736897077,0.8083713102077293,-4.1512686131521015,0.6391577935335474,-1.0275096947407527,-3.7775170213540443,-1.6699300818412488,-1.2453943317460363,3.0324019777671083,-0.552102886149566,-2.7646696099734744,0.669958795254238,2.45382487848609,-1.5698130041284815,1.7440481668310455,0.11200795241261202,-1.909292600775471,-1.028823510555137,1.1024818183168505,-4.008615612933806,-1.9225480382699642,2.579358754718643,-0.2515487596319461,-0.1792739945706104,-1.1620911413929602,-2.093298747633056,-1.444493237487601,0.4126303038249366,-2.6114666088887324,0.3038758302030679,0.5230596125667926,0.6930874818689055,-2.042020125103571
TCGA-A2-A0ET,-12.467064053643261,4.300756020815766,-7.66677779214272,-7.5000109804322115,-2.942302003713537,-1.8351616950266523,-4.609898740095082,-7.98347288734694,5.177589800593989,1.1758489308974407,1.6690895958015872,-7.567656661710507,-3.6045585668840543,0.5031995212611526,-0.03190832950036345,2.601605937520468,-0.649146455254324,0.7665880472031954,-4.105806275858501,-5.5961840680097445,-2.1201634603256743,-3.8450597572667355,-0.9817809473043189,-1.829576590085051,3.2363930285542577,4.770514790253961,0.0978007087950989,-4.868175227092879,0.5978724740106686,2.0065786495473525,1.4564587125081743,1.026508172817475,-0.9430310262674132,1.5848799645577545,2.28594898407441,0.2763590781907439,1.8846835424965522,0.20859749748132853,1.1716804209893408,-0.20213624381957065,-0.6356596243966676,1.4118606471254866,1.648906563888027,0.18817651722296988,-0.02419551486360981,-1.6442956348063074,0.2540977472684576,-0.3861568320036756,0.04803046535729493,-0.09748386347808007
TCGA-BH-A0DL,4.270789023988533,-4.779192823110118,20.156110863319427,3.0759452858781393,0.6665041659889228,2.8671354813898193,4.456057413583622,2.453288909231766,3.838482046696834,-4.793076867348076,3.1358147672616385,-6.612145306333918,0.2469204657322524,-5.8531370928443245,0.19836464676264087,1.4630396845876665,2.8441233866455304,-1.9840614837585455,-2.1829022954837543,-4.284639874554603,3.3665570849179347,4.020762341194772,-2.9133000803888347,-2.365877040315087,0.8956282075917232,-0.29812215588679136,-3.919969976885713,0.9460763318572458,1.1958227052895978,-0.7715769414230187,-2.869790657140223,0.036232052304059625,2.9342041308685767,3.0790670763145225,-2.864524275805875,-0.864110239367993,0.24329235208750052,-0.32911867619920754,0.5163880692973427,0.6499074399529031,0.12506136072038931,-0.05965435940244189,0.3765280053630939,-0.4206615978182576,-0.4298603031381547,0.2710673814564892,0.07408951873313825,-1.2406829074629349,-0.36835141751218414,-2.2331602444742193
TCGA-BH-A0DL,18.96479965204917,-4.727173352912281,-3.5827478044206176,1.2556111100313407,0.43581916014699684,-0.9528318578816556,2.084938914874959,-2.6890552185276437,0.7037224175850635,-0.272110974825005,-0.6663633440486473,0.1273439230155914,0.47581591665961454,0.09616826965618969,0.18920989625537074,1.3255712293477373,0.7446870573772768,0.9300751055882187,-0.1447633399399991,0.627921847850587,0.14041816720102787,0.5386454802036711,-1.1141567481249663,-0.6342581972058393,0.024645458426163176,-0.296082281753836,-0.8929271542522504,-0.024614898124156577,0.6578841006094261,0.04860277598233816,-1.0960557413193472,0.5533615771584249,-0.31937257575092387,0.13080805516296484,0.330585387423572,0.9911395092393663,0.3632570106930778,-0.17059005224990356,0.0474971599567835,0.6733416667401736,1.0003720196808568,0.8298687902586281,0.04041405027184307,2.002247700054036,0.06380614481752027,-0.44664569697621653,0.0578591361820057,0.0226934638917188,-0.6712377000529844,-0.844510490628707
TCGA-D8-A13Z,0.05930050930749926,0.37146598035764256,10.659395138097182,5.66761523402527,4.083798023875457,-1.7886295748277938,2.007414331860835,3.0279009603278753,2.502323431257123,7.8369914607363125,-3.8520443190099747,1.9640842385317132,-6.711194179657162,-2.978463561209846,4.132712441965199,0.3333998506147293,-1.3657943000039587,-3.529700341050849,-0.3478889998840287,2.9871915616094804,2.848453142653011,-0.9818014903992034,-0.3567250984444991,-2.6072044032525854,3.8260499418732117,-3.7063013253229413,-2.965557619965421,-0.07800412033918562,1.6086038734623271,2.7212601538251566,0.4403192616152188,0.9252933779568535,0.7125098961307073,-1.7702713808559198,0.1631659805994543,0.3705715479968641,2.867697259461143,0.6450147051683822,1.2811912976834117,-3.5784084319776865,-3.329910203721888,-1.0720731982982528,0.22633168791674405,0.014733249193560923,-1.3605281655079606,0.9847641371734341,1.7883344711498341,1.950142533904265,-0.26205621582414645,0.8810720440650085
TCGA-AR-A0TV,-7.076386788159553,7.921378859021516,4.984674845612849,-9.86665741333202,-6.926282478221181,-1.8476171191948383,7.948504972811229,-8.803984518392486,-2.635046105281346,-1.0847764347078859,3.5085125716288617,1.070228259829021,-5.6915262021310795,1.2215487474649853,0.3332958041492061,-1.229178246364414,1.544284671395626,-6.001266280925166,4.742518659258945,-4.272673166955166,-1.513971445990352,1.0560670117597948,0.8040189391692296,-1.3638084450077788,-1.8407104681815412,-6.071418614948806,0.11979206924447033,0.5537065701581948,0.03332125780622584,-1.4261422909262351,1.6632501348547108,-1.0443888700275972,0.19976193234623885,-0.9446239408392004,-0.186399167625266,0.2471846539755358,1.770992638577514,-1.8059788767228997,-2.5934017081035297,-0.018581535332380668,1.6450884272586452,0.42725775916432074,-1.3988665911411318,0.4378618404362518,-0.09113564308859459,-1.0381377054829672,0.10383053731903091,-1.029168688668235,0.15300096396585405,1.2579590883065561
TCGA-BH-A1EV,-10.358933271455724,4.39461475783762,-4.600355124639587,6.556728686464803,4.171111351130962,2.1685360278375687,-2.4432338920864356,-1.5696968675116705,-2.087627845688833,4.482681585751408,1.2083017559979055,0.18703773202073135,-1.7791270766622909,2.5129397870218386,5.197769792641246,-1.4451443728161877,3.1546360481446283,2.809750234916279,-3.4618569154225582,-1.232146840479766,0.22910004743794204,1.1912704477914602,-3.1248492072071348,1.375085131612696,-1.0130655820157615,-1.085148103969563,2.0728589037260026,1.3844617964323687,4.062182335124249,-1.4554162764369964,-0.3792433696588429,-1.7748302567227225,-0.3845951680541142,0.38529473978361745,-0.1665863630943487,0.7802546519626384,-0.0006724943924346843,-0.14528939957945278,-2.4213876118537114,3.4861866218374256,0.8632888548574837,-0.5540972180062685,0.023252156915987088,0.0151744651046369,-5.120107246945495,0.9001110459796569,1.5931453240165607,-1.2619453136468466,0.13184127845358368,0.839677435088859
TCGA-BH-A1EV,14.689866134045278,-7.622348384496394,-6.581169807132654,2.5760244099451315,-0.05468234497025693,-0.33389817805419436,0.31560315890119767,-1.7194669168202301,1.2367662984476768,1.16790385147481,-0.704196407429799,0.14008063360588174,0.8800975437358072,-1.060560047698738,-0.384581835138537,0.22750154682310525,0.29704596978882564,1.2111226914116873,0.07278914313741108,1.8628429528646302,-1.105982195219084,-2.1297130335558894,-1.8733016314812254,-1.701997557200285,-1.416315856424817,-2.1812667203304277,1.3291243232037793,-0.8578425641580736,0.29179837154835947,0.057742615476623724,-0.49805185640198296,-1.329226637474501,-0.904015569575036,0.8462969528866551,-2.0187485911330176,0.4702125302255617,-0.5574755819884782,2.178067866091321,0.5278634157737954,0.3707474796840463,0.9728505607426075,1.6022904224803036,1.1442436611361733,-0.2847145290943532,-0.6692444294709856,-0.5516090831253454,-0.09524071700209714,0.7203631033973443,1.0718114141453674,-0.012265556568315959
TCGA-BH-A0DV,6.725937226614383,2.3395149365111845,-7.909867221712208,1.7836548552633114,1.8994475054866022,2.975683483648101,-3.735609354971242,2.32211767203622,-0.777758532195005,0.6385850116707302,0.7012126105231333,-0.8711060552564698,-2.0703017867097393,-2.133551920647937,-1.5806309072840072,-0.2026662932139054,0.08551389594162447,-0.7239028115922521,2.3680831767721338,0.4200006628776992,0.4254788442204658,0.954152013442399,0.25822623857201255,-0.5192544629869617,-1.252453169669183,0.12866243739724517,-0.6041465301740131,0.5184349736842868,-2.162413626423815,0.2579530906005633,0.12375257752478235,-0.9136480067462668,-1.710515856895988,0.2106547749361779,-0.624416322116752,0.29254741112269483,0.14920329073577399,-0.4425411302689803,-0.7472783719303846,-0.9951853341252442,-1.2993098192732533,-0.5069059985115135,-1.5887192662978205,0.1949580145761666,0.40486321790827884,0.7453948516601547,0.5908694306322751,-1.4099789847804907,-2.186895383677801,-1.7656442255628968
TCGA-BH-A0DV,16.9967889053699,-2.1043287918861986,-4.7145911421417335,7.112524735590349,1.4698090343590617,-7.677692377069951,-1.9264194244750037,-0.8754270314345624,-1.4585588422442632,-1.8118036545897618,2.2876885852279347,-0.6879459581398201,-1.0589588831648284,0.7561028888645687,-0.8291824842628632,0.2950890203056761,0.909143743084035,1.0717552704475062,-0.23172917565249743,-1.1520470458890597,0.9734354624591885,0.36036869236914343,-1.21341937910048,0.9466172191149009,0.6737153992643322,0.7415602836173084,-1.3388053912478954,-0.6778377857366003,-0.41930071712448735,-2.4399705177021485,-0.015103894608887933,1.4107318962542252,-1.9507921621629007,1.425984052419063,-0.9239212819127222,-0.36472487006154647,1.3204071839369311,-0.3562538759641767,0.35745717037960795,-3.1738129093849277,-0.6574712088874451,2.3644447243178504,-0.8843890206598469,-0.4816072176542713,0.2800138643763205,0.68767765436644,-1.1054652379348826,-0.2818460818232939,0.26470954890472403,-0.9257440696717019
TCGA-A2-A0EY,-0.45013931876972735,5.821256911774471,2.014261643081238,2.610344348131788,12.551187664106429,0.164518996917386,-0.29592020348004844,-5.588230171903108,0.9501798974731104,0.8664282692540658,4.386016778867375,-1.3549712519791988,6.7536840866509795,-0.5912010701463829,1.6297057206760677,-5.597642259011648,-1.5407634395644285,2.3278853583084866,3.525479225295633,0.11975400240715876,3.0057763298779703,-1.6714471915807734,0.10958145078152358,2.1013322977093947,-1.4337688542639784,-0.17177190305342424,0.2811450188889919,-2.0451863988807593,0.9736831354722296,0.9991973105924891,-0.9102931077598089,-0.6672342320383989,2.9195971801528287,-0.30690837509772145,-2.157828985122445,0.27058526876114664,2.366446969918886,1.3651907558873702,-1.7229622020278492,-1.4724503661508077,-0.5249251599327561,1.5573035174178476,-0.3235660450611624,-3.453290045928929,0.18469331713265844,0.4122822918216829,-1.7187750435103597,0.02817651771789634,-2.319817700159151,0.9377804453812848
