Latent_1,Latent_2,Latent_3,Latent_4,Latent_5,Latent_6,Latent_7,Latent_8,Latent_9,Latent_10,Latent_11,Latent_12,Latent_13,Latent_14,Latent_15,Latent_16,Latent_17,Latent_18,Latent_19,Latent_20,Latent_21,Latent_22,Latent_23,Latent_24,Latent_25,Latent_26,Latent_27,Latent_28,Latent_29,Latent_30,Latent_31,Latent_32,PAM50_subtype
0.0,0.14402214,0.0,0.4310696,0.268531,1.5392474,0.90968716,0.0,0.0,0.0,0.06853867,0.0,0.05240076,0.33755648,0.0,0.0,0.0,0.0,1.3233945,0.0,0.0,0.0,1.8162693,0.0,0.0,0.0,0.902244,0.7582433,0.0,0.364793,0.4196113,0.0,LumB
0.0,1.096731,0.0,0.23579474,0.10084033,0.71834964,0.1406359,0.0,0.3237005,0.0,1.0327314,0.0,0.0,0.0,0.0,0.0,0.0,0.0,0.4905889,0.0,0.0,0.0,0.30758303,0.16750973,0.12379303,0.46176118,0.1859902,0.83243287,0.0,0.97067505,0.5126314,0.0,LumA
0.0,1.7329141,0.0,0.71261364,0.0,0.0,0.0,0.0,0.0,1.2662834,0.0,0.7465004,0.0,1.1929224,2.245615,0.0,0.0,1.1847167,0.0,0.0,0.0,2.6348896,0.65920043,0.0,0.0,1.6819004,1.4592957,0.0,0.0,0.98479885,0.7430235,0.0,LumB
0.0,0.12690106,0.0,1.9559429,2.1148095,0.0,0.0,0.0,0.0,0.554212,1.5667629,0.0,0.0,0.20461392,0.0,0.3199674,0.0,0.76360005,3.1860824,0.0,0.0,0.0,0.0,0.0,0.0,0.67878765,0.0,0.0,1.6388618,0.0,0.7112175,0.98015386,Unknown
0.0,1.8271831,1.3070791,0.38515,1.4344543,0.0,1.0409442,0.0,0.0,0.0,1.6015674,0.0,0.0,0.0,0.83601934,0.0,0.0,0.20522645,0.116653904,0.0,0.0,0.0,0.38479114,0.5308686,0.0,0.18180469,0.0,0.0,0.03504119,1.662116,0.0,0.3669246,LumB
0.0,0.90992343,0.0,0.5436963,0.16747524,0.934825,0.0,0.0,0.33695838,0.0,0.0,0.0,0.0,0.0,0.0,0.0,0.0,0.0,1.6258183,0.0,0.0,0.0,0.0,0.0,0.0,0.0,0.23917435,1.8930575,0.0,0.51014906,0.97429776,0.0,LumB
0.0,0.0,0.54708344,0.49054033,0.0,0.0,1.4554012,0.0,0.12790349,0.0,0.0109744,0.0,0.7173926,0.0,0.0,0.014470257,0.0,0.13549235,0.0,0.0,0.8816213,0.76747155,0.0,1.9792658,0.0,0.11225122,0.0,0.0,0.0,0.05811459,0.47495076,0.0,Her2
0.0,0.0,0.0,1.1859063,0.0,0.5104255,0.0,0.0,0.24241388,0.0,2.3669868,0.0,0.13405591,0.0,0.0,0.0,0.0,0.0,0.41412455,0.0,0.3670283,0.0,0.0,0.9728532,0.1303877,0.74386054,0.0,1.963129,0.0,0.29837185,1.1632408,0.14868286,LumA
2.0295858,0.0,1.0312183,0.0,0.0,0.0,0.0,0.5940583,0.0,1.1078229,0.0,0.0,0.0,1.6440427,0.0,1.829839,0.9596164,0.73764604,0.0,2.5727692,3.6704428,0.0,0.0,0.0,0.7090833,0.0,0.24971266,0.0,0.0,0.0,0.0,0.7436363,Basal
0.0,0.0,0.893934,0.0,0.0,2.2728026,0.0,2.248387,0.92830294,0.0,0.0,0.11379653,0.0,0.5735912,0.0,1.6615301,2.4245586,0.0,0.0,1.4885608,0.116416365,0.0,0.0,2.0296636,0.0,0.0967644,0.0,0.0,0.14211208,0.0,0.0,0.0,LumA
0.0,0.0,0.8903643,0.0,0.0,1.7798293,0.0,3.5098524,0.77291036,0.0,0.0,0.26204193,0.0,1.1412499,0.0,1.594838,2.6776981,0.0,0.0,2.4885154,0.5153811,0.0,0.0,1.9974635,0.0,0.3459531,0.0,0.0,0.038466066,0.0,0.0,0.0,LumB
3.0872917,0.0,0.0,0.0,0.0,0.0,0.0,1.9094124,0.0,0.0,0.0,0.88859785,0.0,0.0,0.0,1.6048093,0.78731877,2.230101,0.0,1.2193013,1.751787,0.79744875,0.48455644,1.2100712,0.0,0.0,0.22262599,0.0,0.0,0.0,0.0,1.229302,Basal
0.0,1.3040473,0.0,1.1363475,0.0,0.0,1.7329857,0.0,0.0,0.0,0.5496008,0.0,0.0,0.0,0.0,0.0,0.0,0.0,1.111387,0.0,0.09142099,0.0,0.0,0.0,0.0,1.4636003,0.36331207,0.0,0.0,1.1047544,1.1461922,0.0,LumB
0.0,0.0,0.0,0.0,1.5256678,2.5025642,0.0,0.39956114,0.0,0.0,0.0,0.0,0.190442,0.19525796,0.0,1.0734798,0.0,0.0,0.0,0.0,0.89217633,0.039571464,1.5936621,0.0,0.0,0.0,0.45256305,2.0594337,0.5724353,0.0,0.0,0.17663911,LumA
0.0,0.0,0.12129539,0.0,0.0,1.8186303,0.0,3.3636646,0.3830058,0.0,0.0,0.5859879,0.0,0.6279874,0.0,0.5632536,2.4081497,0.0,0.0,2.2752638,0.06920835,0.0,0.0,1.4570497,0.0,0.630406,0.0,0.0,0.0068807304,0.0,0.0,0.0,Basal
0.0,1.8337559,0.032396458,0.51456463,0.0,0.0,0.0,0.0,0.0,0.0,0.0,0.0,0.0,0.0,0.31596285,0.0,0.0,0.0,1.4339539,0.0,0.0,0.71129906,0.39827973,0.0,0.23416105,1.806592,0.0,0.11418669,0.0,1.7445929,1.6757908,0.0,Her2
0.0,0.47524235,0.0,0.15808815,0.0,0.7221383,0.0,0.0,0.008455589,0.0,0.0,0.0,0.0,0.0,0.0,0.19709632,0.0,0.0,0.8643216,0.0,0.0,0.0,0.0,0.0,0.36468345,0.48493934,0.614116,0.4122483,0.0,0.0,1.7902709,0.0,Unknown
0.0,0.67662144,0.0,1.1985923,0.21983874,0.21725972,0.6418436,0.0,0.0,0.0,0.62341666,0.0,0.0,0.0,0.0,0.0,0.0,0.0,0.44749907,0.0,0.16622072,0.0,0.0,0.7578723,0.3313695,0.43611822,0.0,0.36413246,0.0,0.06858484,0.7466941,0.0048969686,LumB
0.0,1.2545989,0.45046172,0.41072276,0.0,0.0,0.61094147,0.0,0.0,0.34520787,0.33336225,0.0,0.65555793,0.23396254,0.0,0.0,0.0,0.63263947,0.04825788,0.0,0.0,1.5301228,0.0,0.29023653,0.3472253,0.8728793,0.059917748,0.0,0.0,0.68907964,0.80714893,0.0,Her2
0.0,0.0,1.0947713,0.0,0.0,2.3497946,0.0,0.20186499,1.5570741,0.0,0.0,0.0,0.0,0.0,0.45571008,2.0509696,0.5215902,0.0,0.20953624,0.7625576,0.0,0.0,0.0,0.0,0.0,1.0207744,1.096289,1.0034083,0.0,0.0,0.07723521,0.0,LumA
0.0,0.0,0.0,0.38099584,0.9297463,0.15303978,0.0,0.0,0.02898515,0.07375372,1.9096166,0.0,0.0,0.0,0.5006873,0.0,0.0,0.0,2.2064106,0.0,0.054544725,0.0,0.0,0.0,0.23129925,0.0,0.0,3.2324932,0.0,0.8999719,0.4624016,1.2077094,LumB
1.3055214,1.2424755,0.84051955,0.0,0.0,0.0,0.6624851,0.0,0.0,1.364852,0.0,0.82236934,0.73474246,0.4379977,1.1447506,0.0,0.10808484,1.3183218,0.0,0.0,0.0,1.9157724,0.2469321,0.0,0.0,0.19737022,0.67412263,0.0,0.21402468,0.2992167,0.0,0.0,Basal
0.0,0.0,1.898177,0.0,0.0,2.1337633,0.0,0.77252674,0.6001777,0.0,0.0,0.97077143,0.0,0.7307042,1.2620494,1.2123139,1.960495,0.0,0.0,0.6304226,0.0,0.0,0.0,1.09863,0.0,2.4536989,0.0,0.0,0.0,0.0,0.0,0.0,Basal
0.0,0.4537721,0.10410095,0.05868511,0.6747142,0.5955775,0.6863465,0.0,0.0,0.27644247,0.4784261,0.0,0.0,0.0,0.71384895,0.0,0.0,0.042246133,0.99941254,0.0,0.0,0.0,0.0,0.29947457,0.0,0.66548884,0.0,0.10361815,0.0,0.41210684,0.070678666,0.0,LumA
0.0,0.0,0.0,0.0,0.0,2.3885243,0.0,0.053668045,1.3493112,0.0,0.0,0.0,0.031517237,0.0,0.0,1.4499857,0.0,0.0,0.26474264,0.9295706,0.0,0.0,0.0,0.0,0.0,0.0,1.7505294,0.8924434,0.0,0.0,1.0408677,0.0,LumA
0.0,0.0,0.0,0.0,0.0,2.0001452,0.09167418,0.2576572,0.0,0.0,0.0,0.0,0.0,0.0,0.0,0.058665723,0.4729202,0.0,0.038710296,0.16102394,0.0,0.0,0.0,0.0019725412,0.05454935,0.0,0.04672452,0.10119455,0.0,0.59561354,0.15510842,0.0,Unknown
0.0,0.47586048,0.0,1.0056076,0.26886016,0.17923468,0.5478426,0.0,0.0,0.0,1.3469778,0.0,0.32047844,0.0,0.0,0.3773541,0.0,0.18810728,0.3260478,0.0,0.40741706,0.0,0.35533494,1.2771386,0.36693433,0.0,0.0,0.23265101,0.0,0.37114936,0.43440467,0.9893746,LumB
0.1362381,2.803835,0.028284296,0.12706321,0.0,0.0,0.11215606,0.0,0.0,0.0,0.0,0.0,0.0,0.0,0.67654926,0.0,0.0,0.20626372,0.52916867,0.0,0.0,0.6787094,1.0892752,0.0,0.16139323,1.0280973,0.0,0.0,0.0,2.3090172,0.47384188,0.0,LumB
2.0464747,0.0,1.8835348,0.0,0.0,0.0,0.0,0.81460047,0.9672547,1.1632969,0.0,1.0747697,0.0,0.5069803,0.0,0.0,1.7745206,0.58050185,0.0,1.4925725,1.4659294,0.09876784,0.35316682,0.0,1.1961702,0.0,0.0,0.0,0.0,1.2178515,0.0,0.16156197,Basal
0.0,0.19740522,0.0,2.4485466,0.0,0.0,0.0,0.0,0.0,0.0,0.71115834,0.0,0.0,0.0,0.0,0.81818914,0.0,0.567314,0.6060413,0.0,0.0055909455,0.0,0.0,1.2662272,0.80021065,0.0,0.0,0.0,0.071743965,0.0,1.4848412,0.9427111,LumB
0.0,0.0,0.0,0.49339065,0.06676414,0.6388718,0.34754246,0.0,0.0,0.5337601,0.9509853,0.9241102,0.0,0.0,0.0,0.0,0.0,0.26980838,0.15756021,0.0,0.0,0.0,0.0,0.091926984,1.799128,1.2167028,0.0,1.1163307,0.0,0.0,0.0,0.48402494,LumB
2.0004349,0.0,0.0,0.0,0.0,0.0,0.0,1.5021956,0.0,0.0,0.0,0.0,0.0,0.5306702,0.0,2.1956663,1.5376432,0.8392808,0.0,1.3531148,2.6927125,0.03948413,0.48087925,0.97813463,0.68675816,0.0,0.21093795,0.0,0.0,0.0,0.0,0.88574356,Basal
0.0,0.0,1.7889458,0.0,0.0,3.0520961,0.0,1.1921905,1.3237435,0.0,0.0,0.18783392,0.0,0.69018245,0.46506265,2.3882964,1.7535497,0.0,0.0,1.1421826,0.0,0.0,0.0,1.5771868,0.0,1.4582384,0.0,0.023878258,0.13687249,0.0,0.0,0.0,LumA
0.0,0.08449096,0.0,0.2063158,0.0,0.0,1.030088,0.0,0.0,0.0,0.09303062,0.0,0.0,0.0,0.0,0.16955973,0.0,0.25668588,2.122193,0.0,0.0,0.0,0.0,0.71724266,1.7533014,1.905581,0.23999588,0.0,0.0,0.0,0.746184,0.0,Her2
0.0,0.0,0.0,0.0,0.0,0.23353818,0.0,0.0,0.0,0.0,0.0709549,0.0,0.87428546,0.0,0.0,0.5211508,0.0,0.0,0.0,0.0,0.0,0.0,0.0,0.0,0.13019493,0.9210485,1.5023725,0.22580512,0.0,0.0,2.2170446,0.0,LumA
2.3689303,0.03174576,1.830072,0.0,0.0,0.0,0.0,0.64259684,0.25246522,1.3352011,0.0,0.47493222,0.0,0.8266175,0.28238347,0.0,1.1097811,0.3079464,0.0,1.1654702,0.47882652,0.8763927,0.25902003,0.0,1.0186907,0.0,0.3194186,0.0,0.0,0.56081665,0.0,0.0,Basal
1.7678987,0.0,1.4104176,0.0,0.0,0.0,0.27517456,0.19810086,0.5493656,0.0,0.0,0.0,0.71334463,0.6048519,0.0,2.8863308,0.5711686,0.0,0.0,1.5236331,2.0695443,0.9808893,0.5653689,0.3749289,1.9454446,0.0,0.0,0.0,0.12443727,0.0,0.0,0.6025933,Basal
0.0,0.0,0.0,0.0,0.0,1.9422835,0.0,0.44230792,0.56677014,0.0,0.0,0.0,0.09251418,0.0,0.01655414,0.852525,0.29115814,0.0,0.35146204,0.6236534,0.0,0.0,0.0,0.02454783,0.0,0.0,1.121495,0.5901273,0.0,0.0,1.2586278,0.0,LumA
0.24503256,0.0,0.80544585,0.0,0.0,2.4857247,0.0,2.1285782,1.1370974,0.0,0.0,0.0,0.36226803,0.7406332,0.0,2.6471262,2.2888021,0.0,0.0,1.3350188,0.4891671,0.0,0.0,2.470562,0.0,0.0,0.0,0.0,0.33284438,0.0,0.0,0.0,LumA
0.0,0.0023948923,0.0,0.0,2.134908,0.0,0.0,0.0,0.06969652,1.1899846,0.655795,0.0,0.0,0.0,1.2156367,0.0,0.0,0.0,1.3682767,0.0,0.79511,0.0,0.0,0.0,0.0,0.0,0.0,2.95256,0.0,0.0,0.0,0.9719782,LumB
0.0,0.028200299,0.0,0.28305426,0.5658675,1.089151,0.15912695,0.0,0.0,0.0,0.31960294,0.0,0.0,0.0,0.0,0.0,0.0,0.0,1.0667412,0.0,0.15909311,0.0,0.41277236,0.0,0.0,0.0,0.16727462,1.5893534,0.0,0.3276701,0.4522957,0.02702374,LumB
0.0,0.8347951,0.0,0.08048946,0.1482762,0.9696863,0.0,0.0,0.31955096,0.0,0.0,0.0,0.0,0.0,0.050667502,0.0,0.06723453,0.0,0.14891742,0.0,0.0,0.0,0.0,0.0,0.0,0.367078,0.43666232,0.8341096,0.0,0.2116703,1.0259919,0.0,LumA
0.0,0.21834445,0.2152607,0.0,0.0,1.4446366,0.0,0.0,0.74322146,0.0,0.0,0.0,0.0,0.0,0.0,0.8757582,0.48229903,0.0,0.14863478,0.013183039,0.0,0.0,0.0,0.0,0.0,0.018246643,0.6258994,0.71670705,0.0,0.0,0.96516097,0.0,LumA
0.0,1.6311233,0.0,0.93463206,1.4354076,0.0,0.0,0.0,0.5489652,0.0,0.0,0.07627263,0.0,0.0,0.0,0.0,0.084952004,0.0,0.89542586,0.0,0.0,0.0,0.0,0.0,0.0,0.0,0.46995527,0.680104,0.0,0.0,2.5817819,0.0,LumB
0.0,1.2600952,0.0,1.5176023,0.0,0.0,0.0,0.0,0.0,0.44424796,0.0,0.0,1.0236815,0.9802328,0.0,0.0,0.0,0.5149643,0.0,0.0,0.0,1.5518367,0.08083698,0.65602505,0.0,0.119711205,0.0,0.0,0.0,0.13042352,1.1944554,0.0,Her2
0.0,1.0929444,0.0,0.48594406,0.878181,0.0,0.0,0.0,0.0,0.0,0.76238394,0.0,0.0,0.0,0.0,0.0,0.5046691,0.0,0.012566462,0.0,0.0,0.0,0.0,0.75114787,1.2031028,0.5958574,0.0,0.0,0.0,0.0,1.4166858,0.46168327,LumB
2.1541424,0.0,0.0,0.0,2.202464,0.0,0.33086216,0.0,0.0,2.3541663,2.3546321,0.0,1.3127496,0.0,0.0,0.0,0.0,1.2113428,0.0,0.0,0.94446266,0.0,2.0812054,0.0,0.3508643,0.0,1.2502851,0.0,0.55868536,0.9597768,0.0,2.57612,LumB
0.5823525,0.0,0.023088468,0.7644517,0.0,0.0,0.0,0.0,0.20731619,0.0,0.3419168,0.0,0.85247236,0.0,0.0,2.2154639,0.0,0.86634797,0.0,0.0,0.0,1.7893745,0.071935475,3.2511692,0.0,0.0,0.0,0.0,0.0,0.0,0.0,0.68391985,Her2
2.2046516,0.7078613,3.4229841,0.0,0.0,0.0,0.0,1.0971277,0.0,1.5506365,0.0,0.0,0.0,2.2576623,0.55935365,0.0,0.03216799,0.0,0.0,1.1843239,0.0,1.9195105,0.0,0.0,1.5316964,1.3499104,0.27815902,0.0,0.0,1.0058389,0.0,0.0,Basal
1.0111415,0.0,0.7016568,0.0,0.0,0.36295903,0.0,1.3957217,0.27670744,0.0,0.0,0.0,0.0,0.222913,0.0,2.0712,1.4003621,0.0,0.0,0.7088543,0.7768774,0.0,0.05199629,1.80789,0.0,0.0,0.0,0.0,0.0,0.0,0.0,0.0,Basal
0.0,1.2117931,0.300224,0.74834937,0.5760185,0.0,1.3367503,0.0,0.0,0.06043881,1.2236718,0.0,0.04275229,0.0,0.18338314,0.0,0.0,0.45456642,0.3870519,0.0,0.0,0.45858607,0.0956687,0.7479793,0.0,0.2891058,0.0,0.0,0.06939393,0.96992177,0.4460754,0.07929778,LumB
1.6317245,1.3931553,0.0,0.10454241,0.71774924,0.0,0.16431291,0.0,0.0,0.82387614,0.65227836,2.7007396,1.8386613,0.0,1.071695,0.0,0.120854944,2.373957,0.0,0.175796,0.0,3.4732525,0.15563442,0.0,0.0,0.0,0.1974126,0.0,1.0952325,0.0,0.0,1.0418594,Her2
1.1968126,0.34988543,0.55184627,1.4371043,3.2048314,0.0,3.1244278,0.0,0.0,1.6941334,2.4752758,0.19512556,0.0,0.0,0.0,0.0,0.0,1.647027,0.0,0.0,0.5070897,0.0,0.0,0.0,0.0,0.0,0.0,0.0,3.041481,0.0,0.0,2.2857962,LumB
0.0,0.31606793,0.0,1.6620309,0.05473756,0.0,0.0,0.0,0.0,0.0,1.2095758,0.0,0.8284472,0.0,0.0,0.7751891,0.0,1.127641,0.0,0.0,1.5916898,2.074393,0.14667775,1.7674581,1.3118851,0.0,1.5702593,0.0,0.4129538,0.0,0.0,2.1218276,LumB
0.24098098,0.19985536,0.0,0.8515888,0.0,0.0,0.7193128,0.0,0.0,0.0,0.8121581,0.0,0.9056041,0.0,0.0,0.5849024,0.0,0.985304,0.0,0.0,0.7398337,1.4105778,0.12423493,2.0298092,0.31594124,0.0,0.0,0.0,0.0,0.0,0.09306149,0.7522218,Her2
1.989511,0.0,0.032379083,0.0,3.1801786,0.0,3.538448,0.53386664,0.0,3.7594748,1.4405357,1.5820181,0.0,0.084825814,2.174175,0.0,0.0,0.99587655,0.0,0.0498919,0.052959226,0.85090834,0.0,0.0,0.0,0.0,0.0,0.262895,0.048321515,0.6877322,0.0,0.0,LumA
0.07313992,0.0,0.0,0.0,2.9131386,0.0,0.96929574,0.0,0.0,2.0648909,1.0065315,0.4464866,0.0,0.0,1.767036,0.0,0.0,0.65972716,0.8471512,0.0,0.0,0.0,0.2589348,0.0,0.0,0.0,0.0,1.1927242,0.66752815,0.8616415,0.0,0.5452412,LumB
0.1734545,0.0,0.0,0.73496807,6.2913394,0.14643364,1.2979276,0.60640836,0.0,2.1374972,0.4272388,1.5076724,0.0,0.6699094,0.0,0.0,0.0,1.0095598,0.23527113,0.0,0.0,0.77043116,0.0,0.0,0.0,0.0,0.0,0.0,3.3350208,0.0,0.0,0.28812262,LumB
0.0,1.4894348,0.0,0.66329575,0.0,1.3254701,0.0,0.0,0.030709133,0.0,0.0,0.0,0.0,0.0,0.19371352,0.0,0.0,0.0,1.8219906,0.0,0.0,0.0,0.05946718,0.0,0.36259392,0.16698657,0.02775307,2.8374789,0.0,1.6139165,0.78424835,0.033713773,LumB
0.0,0.7721651,0.0,0.8217277,0.0,0.6029959,2.3461018,0.0,0.0,0.0,1.687135,0.0,0.0,0.022000741,0.0,0.0,0.0,1.2507706,1.6316102,0.0,0.04553448,0.0,0.6787985,0.9891387,0.0,0.5374776,0.0,0.0,0.12836348,0.73719645,0.0,0.0,Her2
0.6979166,0.0,0.275036,0.0,5.3286867,0.0,0.0,0.0,0.0,3.4809895,0.31900573,1.0760024,0.0,0.2942295,4.3916073,0.0,0.0,2.815848,1.3018329,0.0,0.0,0.017855212,0.0,0.0,0.0,0.0,0.0,0.16461019,2.6000078,0.8321706,0.0,1.1635798,Unknown
0.0,1.2946393,0.01473137,0.9839589,0.064029746,0.0,0.50869656,0.0,0.04268142,0.0,0.35511902,0.0,0.53881705,0.0,0.0,0.0,0.0,0.2591358,0.092761815,0.0,0.0,0.65781057,0.09520604,1.0382236,0.127053,0.47112104,0.0,0.0,0.0,0.35166556,0.79458773,0.0,LumB
2.5444193,0.0,0.1986456,0.0,0.0,0.0,0.0,1.3254119,0.0,0.40520835,0.0,0.0,0.0,0.9885065,0.0,1.2541186,1.6572608,1.0986364,0.0,1.9892788,2.8229034,0.0,0.4724779,0.0,1.4036202,0.0,0.03936504,0.0,0.0,0.0,0.0,1.2919496,Basal
0.0,0.0,0.0,0.0,0.0,1.2808499,0.0,0.0,0.0,0.0,0.0,0.0,0.064880915,0.0,0.0,0.054195695,0.0,0.0,1.4707031,0.15034032,0.0,0.0,0.03778463,0.0,0.0,0.0,0.78445387,1.1930217,0.0,0.0,2.1542408,0.0,LumA
0.0,0.0,0.0,0.47515246,0.0,1.2262428,0.0,0.0,0.7272951,0.0,0.0,0.07897522,0.0,0.0,0.0,0.7028587,0.0,0.0,2.2535646,0.48484606,0.0,0.0,0.0,0.0,0.0,0.0,0.0,2.2331054,0.0,0.0,0.8047246,0.0,LumA
1.4313595,0.0,0.11651875,0.0,0.0,0.0,0.0,1.2731817,0.12547392,0.0,0.0,0.0,0.0,0.324228,0.0,2.3743145,1.0574912,0.3332231,0.0,0.6311013,1.5341669,0.33188593,0.6306512,1.9033644,0.065434895,0.0,0.0,0.0,0.0,0.0,0.0,0.2182855,Basal
0.0,1.1858699,0.17721978,0.4354211,0.033824995,0.0,0.64866745,0.0,0.0,0.26774776,0.81048286,0.0,0.30383834,0.0,0.0,0.0,0.0,0.44444838,0.0,0.0,0.0,0.6043795,0.10983159,0.03315056,0.31367776,0.5962156,0.0,0.0,0.0,0.90085137,0.57293475,0.027238667,LumB
0.0,2.5808728,0.56762785,0.0,0.0,0.0,0.0,0.0,0.0,1.1551832,0.0,0.0,2.2612398,0.60802144,0.0,0.0,0.0,1.1958127,0.0,0.0,0.0,2.2753348,0.0,0.0,1.021508,0.65697265,0.60476816,0.0,0.0,0.51970124,1.9326133,0.0,Her2
0.0,1.4358523,0.74412525,0.0,0.0,0.9498706,0.0,0.0,0.75668186,0.0,0.0,0.0,0.0,0.0,0.0,0.8055045,0.037803452,0.0,0.28136253,0.0,0.0,0.0,0.17713226,0.5025746,0.0,0.0,0.0,0.0,0.0,0.88451135,1.0330172,0.0,LumA
0.54361784,0.099544145,0.15517084,0.3048534,0.0,0.0,0.30472434,0.0,0.40472585,0.0,0.17554636,0.097718164,0.53392786,0.0,0.0,0.49291158,0.1209794,0.4356646,0.0,0.0,0.43914223,1.2090087,0.11703071,1.3932531,0.112699464,0.0,0.0,0.0,0.0,0.24776518,0.07383173,0.29744458,Her2
1.9134388,0.19906902,2.342126,0.0,0.0,0.0,0.0,0.89222515,0.0,1.1104567,0.0,0.019111034,0.0,1.0610033,0.08896213,0.0,1.8319808,0.017728187,0.0,1.1059672,0.0,0.50437886,0.0,0.0,0.33607712,0.0,1.5291709,0.0,0.0,0.42584246,0.0,0.0,Basal
0.0,0.32347557,0.0,0.0,0.0,0.0,0.0,0.0,0.5389656,0.33409464,0.0,0.0,0.0,0.0,0.8650017,0.3075653,0.0,0.0,1.423307,0.0,0.0,0.0,0.0,0.0,0.42955977,1.7315717,0.0,1.6272991,0.0,0.0,0.21209282,0.0,LumA
3.0275216,0.0,0.0,0.0,0.0,0.0,0.29066718,1.6910664,0.0991999,0.0,0.0,0.73147655,0.29983014,0.0,0.0,0.91812557,1.5533339,2.5715222,0.0,0.53878593,2.0936518,1.504628,0.45267254,0.25661826,0.0,0.0,0.9920326,0.0,0.2246918,0.0,0.0,1.0039657,Basal
